product_name,month,country,avg_price,promotion,previous_sales,season_index,economic_index,stock_level,forecasted_sales
Shampoo,1,Sweden,4.45,0,170,1.2,99.41,192,193
Shampoo,2,Sweden,8.91,0,193,1.0,109.98,244,214
Shampoo,3,Sweden,10.77,0,214,1.0,102.07,239,220
Shampoo,4,Sweden,8.05,1,220,1.0,109.59,314,297
Shampoo,5,Sweden,7.89,0,297,1.0,103.48,401,302
Shampoo,6,Sweden,4.41,0,302,0.9,92.05,350,245
Shampoo,7,Sweden,8.12,0,245,0.9,105.21,331,211
Shampoo,8,Sweden,14.82,0,211,0.9,101.82,290,200
Shampoo,9,Sweden,11.56,0,200,1.0,99.18,238,194
Shampoo,10,Sweden,4.81,0,194,1.0,92.27,272,173
Shampoo,11,Sweden,7.42,0,173,1.2,93.05,246,188
Shampoo,12,Sweden,10.67,0,188,1.2,108.71,214,250
Shampoo,1,Sweden,6.49,0,250,1.2,104.71,293,315
Shampoo,2,Sweden,10.93,0,315,1.0,98.18,359,305
Shampoo,3,Sweden,11.66,0,305,1.0,96.14,381,288
Shampoo,4,Sweden,10.46,0,288,1.0,103.75,374,306
Shampoo,5,Sweden,11.06,0,306,1.0,107.02,341,319
Shampoo,6,Sweden,13.03,0,319,0.9,108.85,359,311
Shampoo,7,Sweden,10.43,0,311,0.9,97.46,394,270
Shampoo,8,Sweden,4.21,0,270,0.9,106.5,313,261
Shampoo,9,Sweden,6.13,0,261,1.0,97.5,334,276
Shampoo,10,Sweden,7.39,0,276,1.0,93.82,338,268
Shampoo,11,Sweden,3.99,1,268,1.2,105.14,357,407
Shampoo,12,Sweden,12.45,1,407,1.2,94.3,459,559
Shampoo,1,Sweden,4.49,0,559,1.2,91.81,658,607
Shampoo,2,Sweden,6.02,0,607,1.0,105.71,744,628
Shampoo,3,Sweden,13.23,1,628,1.0,98.67,708,732
Shampoo,4,Sweden,8.92,0,732,1.0,95.92,1057,695
Shampoo,5,Sweden,9.74,0,695,1.0,94.39,838,660
Shampoo,6,Sweden,8.66,1,660,0.9,90.84,832,654
Shampoo,7,Sweden,8.76,1,654,0.9,101.13,896,712
Shampoo,8,Sweden,7.27,0,712,0.9,90.66,1007,575
Shampoo,9,Sweden,11.36,1,575,1.0,105.73,650,717
Shampoo,10,Sweden,5.86,0,717,1.0,101.83,1044,738
Shampoo,11,Sweden,7.21,0,738,1.2,101.27,834,906
Shampoo,12,Sweden,12.31,0,906,1.2,99.39,1178,1073
Shampoo,1,Sweden,5.34,1,1073,1.2,99.7,1189,1532
Shampoo,2,Sweden,8.59,1,1532,1.0,109.18,2233,2006
Shampoo,3,Sweden,8.39,1,2006,1.0,106.18,2329,2567
Shampoo,4,Sweden,14.39,0,2567,1.0,97.65,3053,2509
Shampoo,5,Sweden,6.93,0,2509,1.0,95.06,2918,2381
Shampoo,6,Sweden,7.7,0,2381,0.9,91.52,3083,1960
Shampoo,7,Sweden,9.13,0,1960,0.9,99.01,2494,1735
Shampoo,8,Sweden,13.14,0,1735,0.9,104.28,2559,1636
Shampoo,9,Sweden,7.39,1,1636,1.0,94.45,2278,1849
Shampoo,10,Sweden,7.45,1,1849,1.0,102.92,2326,2271
Shampoo,11,Sweden,9.03,0,2271,1.2,109.48,3377,2981
Shampoo,12,Sweden,10.17,0,2981,1.2,91.33,3628,3263
Shampoo,1,Sweden,9.13,1,3263,1.2,107.54,3726,5057
Shampoo,2,Sweden,4.89,1,5057,1.0,107.42,5614,6527
Shampoo,3,Sweden,10.28,1,6527,1.0,95.56,7698,7495
Shampoo,4,Sweden,10.49,1,7495,1.0,104.14,9185,9367
Shampoo,5,Sweden,4.91,0,9367,1.0,101.65,11915,9519
Shampoo,6,Sweden,13.64,0,9519,0.9,91.33,13415,7821
Shampoo,7,Sweden,8.23,1,7821,0.9,96.81,11585,8155
Shampoo,8,Sweden,11.87,0,8155,0.9,94.39,12004,6930
Shampoo,9,Sweden,5.31,0,6930,1.0,100.22,8662,6948
Shampoo,10,Sweden,6.6,0,6948,1.0,93.08,8678,6465
Shampoo,11,Sweden,11.48,0,6465,1.2,106.41,9444,8247
Shampoo,12,Sweden,9.92,1,8247,1.2,94.52,12193,11236
Soap,1,Sweden,5.94,1,141,1.2,98.25,160,199
Soap,2,Sweden,4.4,0,199,1.0,102.81,218,191
Soap,3,Sweden,11.41,0,191,1.0,98.95,225,189
Soap,4,Sweden,9.66,0,189,1.0,100.34,236,186
Soap,5,Sweden,13.35,0,186,1.0,95.36,246,181
Soap,6,Sweden,14.76,0,181,0.9,93.92,240,150
Soap,7,Sweden,10.22,0,150,0.9,100.51,183,138
Soap,8,Sweden,14.67,0,138,0.9,96.78,189,120
Soap,9,Sweden,10.34,0,120,1.0,99.08,168,112
Soap,10,Sweden,11.95,1,112,1.0,91.25,144,128
Soap,11,Sweden,12.06,0,128,1.2,107.63,177,176
Soap,12,Sweden,6.17,0,176,1.2,109.52,251,242
Soap,1,Sweden,5.02,0,242,1.2,101.0,266,289
Soap,2,Sweden,8.15,0,289,1.0,101.88,422,301
Soap,3,Sweden,8.64,0,301,1.0,101.95,344,320
Soap,4,Sweden,12.14,0,320,1.0,106.22,356,346
Soap,5,Sweden,14.17,0,346,1.0,106.76,475,374
Soap,6,Sweden,13.72,0,374,0.9,95.49,555,311
Soap,7,Sweden,10.24,0,311,0.9,105.07,345,299
Soap,8,Sweden,4.52,0,299,0.9,107.29,362,287
Soap,9,Sweden,13.64,0,287,1.0,96.45,402,273
Soap,10,Sweden,8.43,0,273,1.0,105.64,404,292
Soap,11,Sweden,13.09,1,292,1.2,91.71,383,396
Soap,12,Sweden,10.04,0,396,1.2,106.79,584,527
Soap,1,Sweden,12.65,0,527,1.2,98.25,765,609
Soap,2,Sweden,7.65,0,609,1.0,107.74,690,665
Soap,3,Sweden,5.85,1,665,1.0,102.27,860,821
Soap,4,Sweden,7.52,0,821,1.0,101.03,935,839
Soap,5,Sweden,14.97,0,839,1.0,93.61,1224,787
Soap,6,Sweden,14.4,0,787,0.9,101.01,955,722
Soap,7,Sweden,12.67,0,722,0.9,101.32,1046,659
Soap,8,Sweden,14.27,0,659,0.9,103.69,916,605
Soap,9,Sweden,4.28,0,605,1.0,106.76,880,651
Soap,10,Sweden,10.62,0,651,1.0,97.81,934,629
Soap,11,Sweden,5.42,0,629,1.2,101.35,893,771
Soap,12,Sweden,12.9,1,771,1.2,92.81,942,1040
Soap,1,Sweden,5.81,0,1040,1.2,98.58,1451,1223
Soap,2,Sweden,14.14,0,1223,1.0,91.47,1365,1119
Soap,3,Sweden,12.89,0,1119,1.0,109.54,1317,1232
Soap,4,Sweden,4.39,0,1232,1.0,99.35,1709,1222
Soap,5,Sweden,10.24,1,1222,1.0,105.19,1363,1564
Soap,6,Sweden,13.11,0,1564,0.9,106.98,1861,1506
Soap,7,Sweden,5.75,0,1506,0.9,99.08,1700,1335
Soap,8,Sweden,14.3,0,1335,0.9,90.9,1675,1099
Soap,9,Sweden,14.07,0,1099,1.0,92.55,1323,1016
Soap,10,Sweden,11.81,1,1016,1.0,99.43,1151,1218
Soap,11,Sweden,9.01,1,1218,1.2,90.32,1357,1580
Soap,12,Sweden,10.69,0,1580,1.2,95.08,2140,1808
Soap,1,Sweden,6.25,1,1808,1.2,90.44,2447,2347
Soap,2,Sweden,13.05,0,2347,1.0,96.97,3247,2271
Soap,3,Sweden,3.82,1,2271,1.0,106.98,3194,2920
Soap,4,Sweden,6.48,0,2920,1.0,102.28,3391,3000
Soap,5,Sweden,9.47,0,3000,1.0,106.82,3961,3213
Soap,6,Sweden,8.59,1,3213,0.9,101.33,4244,3516
Soap,7,Sweden,9.34,0,3516,0.9,104.59,5079,3301
Soap,8,Sweden,10.66,0,3301,0.9,107.97,4401,3218
Soap,9,Sweden,10.61,1,3218,1.0,104.14,4076,4023
Soap,10,Sweden,12.48,1,4023,1.0,109.58,5498,5292
Soap,11,Sweden,5.2,0,5292,1.2,106.33,7163,6763
Soap,12,Sweden,13.29,0,6763,1.2,109.21,8910,8863
Toothpaste,1,Sweden,4.74,1,139,1.2,94.07,196,190
Toothpaste,2,Sweden,5.24,0,190,1.0,104.48,266,199
Toothpaste,3,Sweden,4.45,0,199,1.0,103.18,245,206
Toothpaste,4,Sweden,8.26,0,206,1.0,99.2,253,197
Toothpaste,5,Sweden,14.51,0,197,1.0,94.59,292,172
Toothpaste,6,Sweden,4.64,0,172,0.9,94.26,202,148
Toothpaste,7,Sweden,14.54,0,148,0.9,95.23,218,119
Toothpaste,8,Sweden,6.52,0,119,0.9,98.19,140,102
Toothpaste,9,Sweden,4.16,1,102,1.0,100.94,143,127
Toothpaste,10,Sweden,6.56,0,127,1.0,105.12,178,123
Toothpaste,11,Sweden,14.85,0,123,1.2,97.59,174,163
Toothpaste,12,Sweden,9.25,0,163,1.2,97.14,181,204
Toothpaste,1,Sweden,5.49,1,204,1.2,102.44,252,301
Toothpaste,2,Sweden,9.14,0,301,1.0,93.87,374,286
Toothpaste,3,Sweden,5.76,1,286,1.0,96.7,345,328
Toothpaste,4,Sweden,11.53,0,328,1.0,109.71,458,346
Toothpaste,5,Sweden,7.84,0,346,1.0,103.45,399,351
Toothpaste,6,Sweden,8.26,0,351,0.9,99.47,413,327
Toothpaste,7,Sweden,12.2,0,327,0.9,108.03,400,320
Toothpaste,8,Sweden,4.68,1,320,0.9,109.19,429,364
Toothpaste,9,Sweden,14.73,0,364,1.0,109.92,485,403
Toothpaste,10,Sweden,9.09,0,403,1.0,97.38,528,405
Toothpaste,11,Sweden,6.98,0,405,1.2,97.2,451,466
Toothpaste,12,Sweden,12.28,1,466,1.2,105.51,518,697
Toothpaste,1,Sweden,9.42,0,697,1.2,102.77,855,857
Toothpaste,2,Sweden,6.5,0,857,1.0,109.6,1191,954
Toothpaste,3,Sweden,4.66,0,954,1.0,107.37,1332,1013
Toothpaste,4,Sweden,4.07,0,1013,1.0,90.26,1210,913
Toothpaste,5,Sweden,11.43,0,913,1.0,109.31,1245,1010
Toothpaste,6,Sweden,13.66,0,1010,0.9,95.05,1355,874
Toothpaste,7,Sweden,6.77,0,874,0.9,93.64,1065,737
Toothpaste,8,Sweden,11.66,1,737,0.9,90.55,911,739
Toothpaste,9,Sweden,10.16,0,739,1.0,98.39,995,725
Toothpaste,10,Sweden,13.65,0,725,1.0,97.96,1037,710
Toothpaste,11,Sweden,6.65,1,710,1.2,105.06,995,1058
Toothpaste,12,Sweden,13.09,0,1058,1.2,91.2,1195,1168
Toothpaste,1,Sweden,4.59,0,1168,1.2,99.95,1341,1406
Toothpaste,2,Sweden,8.98,0,1406,1.0,107.39,1957,1510
Toothpaste,3,Sweden,8.57,1,1510,1.0,91.66,1768,1656
Toothpaste,4,Sweden,10.14,0,1656,1.0,91.8,2076,1521
Toothpaste,5,Sweden,7.01,1,1521,1.0,109.3,1794,1989
Toothpaste,6,Sweden,10.55,0,1989,0.9,90.54,2771,1617
Toothpaste,7,Sweden,5.94,0,1617,0.9,97.51,2351,1421
Toothpaste,8,Sweden,5.66,1,1421,0.9,90.67,1906,1396
Toothpaste,9,Sweden,10.24,0,1396,1.0,109.51,1720,1533
Toothpaste,10,Sweden,3.71,1,1533,1.0,90.72,2100,1663
Toothpaste,11,Sweden,6.5,1,1663,1.2,96.89,2321,2305
Toothpaste,12,Sweden,7.83,1,2305,1.2,98.06,2900,3245
Toothpaste,1,Sweden,10.76,0,3245,1.2,99.05,3869,3869
Toothpaste,2,Sweden,13.25,1,3869,1.0,92.87,4654,4308
Toothpaste,3,Sweden,11.77,0,4308,1.0,108.03,5282,4654
Toothpaste,4,Sweden,5.57,1,4654,1.0,101.49,6248,5675
Toothpaste,5,Sweden,5.7,0,5675,1.0,91.37,7046,5183
Toothpaste,6,Sweden,14.59,0,5183,0.9,95.0,7348,4438
Toothpaste,7,Sweden,7.94,1,4438,0.9,93.71,5941,4489
Toothpaste,8,Sweden,11.86,1,4489,0.9,108.01,5275,5231
Toothpaste,9,Sweden,12.26,1,5231,1.0,92.67,6108,5832
Toothpaste,10,Sweden,10.79,0,5832,1.0,96.78,6762,5652
Toothpaste,11,Sweden,6.45,0,5652,1.2,91.19,7156,6194
Toothpaste,12,Sweden,12.61,1,6194,1.2,95.74,8042,8529
Lotion,1,Sweden,7.41,1,121,1.2,94.38,137,158
Lotion,2,Sweden,6.9,0,158,1.0,95.47,223,150
Lotion,3,Sweden,11.2,0,150,1.0,98.81,200,145
Lotion,4,Sweden,4.92,0,145,1.0,93.03,215,141
Lotion,5,Sweden,9.83,0,141,1.0,109.18,180,158
Lotion,6,Sweden,13.69,0,158,0.9,93.24,185,143
Lotion,7,Sweden,10.13,0,143,0.9,96.32,161,120
Lotion,8,Sweden,11.73,1,120,0.9,104.27,146,136
Lotion,9,Sweden,5.11,1,136,1.0,99.61,157,171
Lotion,10,Sweden,12.57,1,171,1.0,96.69,233,194
Lotion,11,Sweden,11.63,1,194,1.2,108.84,247,298
Lotion,12,Sweden,12.14,0,298,1.2,106.35,348,391
Lotion,1,Sweden,12.24,1,391,1.2,100.84,580,551
Lotion,2,Sweden,12.29,1,551,1.0,103.06,788,693
Lotion,3,Sweden,14.46,0,693,1.0,103.63,769,715
Lotion,4,Sweden,9.11,0,715,1.0,92.63,948,662
Lotion,5,Sweden,4.58,0,662,1.0,103.42,844,694
Lotion,6,Sweden,14.71,0,694,0.9,95.6,836,603
Lotion,7,Sweden,12.84,1,603,0.9,101.26,820,647
Lotion,8,Sweden,4.41,1,647,0.9,95.69,732,661
Lotion,9,Sweden,12.14,0,661,1.0,107.32,778,709
Lotion,10,Sweden,8.89,1,709,1.0,109.2,822,936
Lotion,11,Sweden,5.4,0,936,1.2,95.95,1064,1081
Lotion,12,Sweden,12.66,0,1081,1.2,97.66,1449,1267
Lotion,1,Sweden,14.88,0,1267,1.2,91.3,1633,1384
Lotion,2,Sweden,9.05,0,1384,1.0,95.18,1988,1332
Lotion,3,Sweden,11.21,0,1332,1.0,107.12,1946,1425
Lotion,4,Sweden,6.47,0,1425,1.0,92.65,2106,1328
Lotion,5,Sweden,7.58,0,1328,1.0,106.39,1781,1411
Lotion,6,Sweden,11.79,0,1411,0.9,94.08,1717,1183
Lotion,7,Sweden,14.87,0,1183,0.9,98.58,1367,1034
Lotion,8,Sweden,12.74,1,1034,0.9,91.11,1356,1020
Lotion,9,Sweden,8.83,0,1020,1.0,91.64,1467,940
Lotion,10,Sweden,10.08,0,940,1.0,100.28,1071,954
Lotion,11,Sweden,8.24,1,954,1.2,107.93,1190,1482
Lotion,12,Sweden,8.68,1,1482,1.2,90.5,1743,1929
Lotion,1,Sweden,9.28,1,1929,1.2,99.75,2887,2773
Lotion,2,Sweden,6.02,0,2773,1.0,102.08,3762,2821
Lotion,3,Sweden,12.58,1,2821,1.0,90.42,3696,3063
Lotion,4,Sweden,12.45,0,3063,1.0,103.87,4521,3183
Lotion,5,Sweden,8.66,0,3183,1.0,94.59,4721,3009
Lotion,6,Sweden,9.03,1,3009,0.9,105.77,4146,3436
Lotion,7,Sweden,5.94,1,3436,0.9,98.57,5101,3669
Lotion,8,Sweden,3.7,1,3669,0.9,97.26,4633,3856
Lotion,9,Sweden,6.33,1,3856,1.0,105.01,4778,4856
Lotion,10,Sweden,14.42,0,4856,1.0,103.09,5390,4993
Lotion,11,Sweden,6.46,1,4993,1.2,91.28,6927,6552
Lotion,12,Sweden,5.44,0,6552,1.2,103.59,9634,8148
Lotion,1,Sweden,10.41,0,8148,1.2,90.22,10723,8814
Lotion,2,Sweden,13.22,0,8814,1.0,94.86,11085,8358
Lotion,3,Sweden,5.63,0,8358,1.0,97.27,12385,8130
Lotion,4,Sweden,4.28,1,8130,1.0,98.14,11518,9586
Lotion,5,Sweden,13.92,0,9586,1.0,109.65,10663,10519
Lotion,6,Sweden,13.58,0,10519,0.9,104.53,12833,9897
Lotion,7,Sweden,10.22,0,9897,0.9,94.9,10913,8464
Lotion,8,Sweden,13.29,0,8464,0.9,106.77,10275,8140
Lotion,9,Sweden,5.55,0,8140,1.0,103.09,10630,8377
Lotion,10,Sweden,9.15,0,8377,1.0,93.11,9639,7811
Lotion,11,Sweden,11.27,1,7811,1.2,93.65,10322,10535
Lotion,12,Sweden,12.55,1,10535,1.2,107.38,11593,16272
Detergent,1,Sweden,5.33,0,136,1.2,103.86,183,177
Detergent,2,Sweden,5.01,1,177,1.0,108.48,245,233
Detergent,3,Sweden,6.14,0,233,1.0,100.82,267,234
Detergent,4,Sweden,5.23,0,234,1.0,99.5,294,239
Detergent,5,Sweden,5.54,0,239,1.0,96.19,331,229
Detergent,6,Sweden,5.02,0,229,0.9,109.99,339,229
Detergent,7,Sweden,8.26,0,229,0.9,106.62,290,218
Detergent,8,Sweden,10.34,0,218,0.9,109.68,273,214
Detergent,9,Sweden,8.08,0,214,1.0,104.58,307,214
Detergent,10,Sweden,8.39,0,214,1.0,100.81,317,219
Detergent,11,Sweden,11.99,1,219,1.2,95.4,284,317
Detergent,12,Sweden,6.9,0,317,1.2,108.87,453,411
Detergent,1,Sweden,7.78,0,411,1.2,95.38,596,463
Detergent,2,Sweden,10.38,0,463,1.0,97.51,581,446
Detergent,3,Sweden,9.45,0,446,1.0,96.04,537,416
Detergent,4,Sweden,10.77,0,416,1.0,91.99,609,381
Detergent,5,Sweden,12.81,0,381,1.0,97.96,454,372
Detergent,6,Sweden,8.67,1,372,0.9,107.62,456,432
Detergent,7,Sweden,10.92,0,432,0.9,97.21,590,384
Detergent,8,Sweden,11.38,1,384,0.9,104.83,503,429
Detergent,9,Sweden,13.39,0,429,1.0,93.2,547,395
Detergent,10,Sweden,9.53,0,395,1.0,108.59,449,419
Detergent,11,Sweden,5.76,0,419,1.2,102.19,519,508
Detergent,12,Sweden,8.67,1,508,1.2,94.65,702,674
Detergent,1,Sweden,9.91,0,674,1.2,109.87,743,895
Detergent,2,Sweden,7.33,1,895,1.0,95.8,1266,1020
Detergent,3,Sweden,5.42,0,1020,1.0,96.08,1221,972
Detergent,4,Sweden,5.81,0,972,1.0,92.81,1372,902
Detergent,5,Sweden,6.88,0,902,1.0,92.69,1134,829
Detergent,6,Sweden,7.73,0,829,0.9,102.94,1125,760
Detergent,7,Sweden,5.91,0,760,0.9,91.16,1123,615
Detergent,8,Sweden,13.18,0,615,0.9,93.19,891,510
Detergent,9,Sweden,12.94,0,510,1.0,91.55,603,468
Detergent,10,Sweden,7.83,0,468,1.0,104.24,648,495
Detergent,11,Sweden,7.08,1,495,1.2,93.34,647,658
Detergent,12,Sweden,5.58,0,658,1.2,97.27,725,768
Detergent,1,Sweden,6.78,0,768,1.2,108.36,1141,995
Detergent,2,Sweden,14.39,0,995,1.0,93.15,1115,939
Detergent,3,Sweden,11.75,0,939,1.0,92.25,1372,877
Detergent,4,Sweden,9.39,0,877,1.0,109.51,1005,949
Detergent,5,Sweden,13.49,0,949,1.0,107.71,1269,1022
Detergent,6,Sweden,14.97,0,1022,0.9,94.45,1343,869
Detergent,7,Sweden,14.48,0,869,0.9,95.28,1259,741
Detergent,8,Sweden,14.57,0,741,0.9,99.26,930,656
Detergent,9,Sweden,4.97,0,656,1.0,109.09,945,709
Detergent,10,Sweden,4.01,1,709,1.0,99.02,971,838
Detergent,11,Sweden,9.23,0,838,1.2,105.22,1230,1038
Detergent,12,Sweden,13.16,1,1038,1.2,106.97,1328,1604
Detergent,1,Sweden,10.14,0,1604,1.2,98.17,1824,1892
Detergent,2,Sweden,12.58,1,1892,1.0,109.68,2236,2489
Detergent,3,Sweden,10.19,1,2489,1.0,104.66,3687,3120
Detergent,4,Sweden,11.58,0,3120,1.0,109.31,4662,3406
Detergent,5,Sweden,5.75,1,3406,1.0,106.48,4662,4368
Detergent,6,Sweden,7.07,0,4368,0.9,102.11,5736,4027
Detergent,7,Sweden,8.11,1,4027,0.9,98.31,5710,4271
Detergent,8,Sweden,6.89,0,4271,0.9,96.54,5422,3702
Detergent,9,Sweden,13.41,0,3702,1.0,93.64,4119,3462
Detergent,10,Sweden,12.06,0,3462,1.0,96.67,3835,3344
Detergent,11,Sweden,9.54,0,3344,1.2,106.18,4843,4251
Detergent,12,Sweden,6.48,0,4251,1.2,102.51,6191,5231
Conditioner,1,Sweden,11.41,0,80,1.2,103.64,98,98
Conditioner,2,Sweden,8.46,0,98,1.0,102.02,119,96
Conditioner,3,Sweden,11.88,0,96,1.0,93.86,123,85
Conditioner,4,Sweden,8.6,0,85,1.0,99.28,126,90
Conditioner,5,Sweden,3.93,1,90,1.0,90.49,114,91
Conditioner,6,Sweden,13.4,0,91,0.9,100.01,108,101
Conditioner,7,Sweden,7.19,0,101,0.9,92.12,130,85
Conditioner,8,Sweden,7.32,0,85,0.9,93.12,104,71
Conditioner,9,Sweden,5.24,0,71,1.0,92.75,92,69
Conditioner,10,Sweden,13.27,1,69,1.0,91.72,90,88
Conditioner,11,Sweden,4.97,0,88,1.2,96.9,100,97
Conditioner,12,Sweden,14.61,0,97,1.2,108.31,132,130
Conditioner,1,Sweden,13.41,0,130,1.2,99.3,185,159
Conditioner,2,Sweden,9.48,0,159,1.0,96.85,230,162
Conditioner,3,Sweden,12.18,0,162,1.0,101.17,225,161
Conditioner,4,Sweden,4.31,1,161,1.0,100.73,222,202
Conditioner,5,Sweden,9.68,0,202,1.0,94.99,244,186
Conditioner,6,Sweden,5.45,0,186,0.9,96.71,254,144
Conditioner,7,Sweden,8.2,1,144,0.9,101.69,205,145
Conditioner,8,Sweden,3.65,1,145,0.9,102.21,163,160
Conditioner,9,Sweden,14.88,0,160,1.0,101.04,217,168
Conditioner,10,Sweden,8.33,0,168,1.0,102.87,250,173
Conditioner,11,Sweden,11.7,0,173,1.2,92.9,246,194
Conditioner,12,Sweden,15.0,0,194,1.2,93.47,288,222
Conditioner,1,Sweden,9.46,0,222,1.2,93.96,249,254
Conditioner,2,Sweden,9.04,0,254,1.0,99.02,342,261
Conditioner,3,Sweden,7.19,1,261,1.0,105.34,373,326
Conditioner,4,Sweden,12.83,0,326,1.0,92.87,364,305
Conditioner,5,Sweden,10.6,0,305,1.0,91.72,441,291
Conditioner,6,Sweden,13.09,1,291,0.9,91.67,426,291
Conditioner,7,Sweden,8.92,0,291,0.9,102.44,398,278
Conditioner,8,Sweden,14.14,0,278,0.9,92.07,320,226
Conditioner,9,Sweden,6.48,0,226,1.0,105.8,312,246
Conditioner,10,Sweden,9.89,0,246,1.0,93.48,312,237
Conditioner,11,Sweden,8.87,0,237,1.2,100.51,284,272
Conditioner,12,Sweden,14.31,0,272,1.2,105.41,393,346
Conditioner,1,Sweden,10.67,0,346,1.2,91.44,404,381
Conditioner,2,Sweden,4.02,0,381,1.0,90.34,425,350
Conditioner,3,Sweden,11.05,0,350,1.0,98.17,518,345
Conditioner,4,Sweden,14.03,0,345,1.0,95.51,461,350
Conditioner,5,Sweden,14.91,0,350,1.0,91.12,439,333
Conditioner,6,Sweden,4.66,1,333,0.9,105.73,453,384
Conditioner,7,Sweden,6.64,1,384,0.9,102.14,562,425
Conditioner,8,Sweden,6.49,0,425,0.9,101.36,628,378
Conditioner,9,Sweden,11.84,0,378,1.0,100.99,462,383
Conditioner,10,Sweden,6.75,1,383,1.0,90.96,547,418
Conditioner,11,Sweden,13.83,0,418,1.2,109.99,548,572
Conditioner,12,Sweden,4.07,0,572,1.2,107.06,845,739
Conditioner,1,Sweden,5.86,0,739,1.2,95.21,841,852
Conditioner,2,Sweden,14.08,0,852,1.0,100.34,1253,850
Conditioner,3,Sweden,4.74,0,850,1.0,97.23,1141,833
Conditioner,4,Sweden,7.82,1,833,1.0,97.47,1233,955
Conditioner,5,Sweden,4.74,0,955,1.0,105.11,1152,1013
Conditioner,6,Sweden,10.09,0,1013,0.9,91.94,1310,831
Conditioner,7,Sweden,13.28,0,831,0.9,98.75,1095,729
Conditioner,8,Sweden,11.74,0,729,0.9,108.93,1084,713
Conditioner,9,Sweden,6.55,0,713,1.0,96.07,921,691
Conditioner,10,Sweden,9.97,0,691,1.0,106.14,915,732
Conditioner,11,Sweden,4.66,0,732,1.2,98.96,1052,861
Conditioner,12,Sweden,10.97,1,861,1.2,107.08,1136,1331
Shampoo,1,Norway,7.08,0,164,1.2,93.52,238,177
Shampoo,2,Norway,13.17,1,177,1.0,97.33,236,205
Shampoo,3,Norway,14.49,0,205,1.0,97.86,271,195
Shampoo,4,Norway,9.97,1,195,1.0,92.25,223,217
Shampoo,5,Norway,6.68,0,217,1.0,108.66,310,234
Shampoo,6,Norway,14.54,0,234,0.9,99.88,339,211
Shampoo,7,Norway,5.44,0,211,0.9,97.89,298,206
Shampoo,8,Norway,11.26,0,206,0.9,106.67,240,188
Shampoo,9,Norway,5.62,1,188,1.0,94.91,214,225
Shampoo,10,Norway,5.96,0,225,1.0,109.69,250,225
Shampoo,11,Norway,11.77,0,225,1.2,101.03,254,263
Shampoo,12,Norway,5.27,0,263,1.2,109.91,314,348
Shampoo,1,Norway,13.11,1,348,1.2,102.59,518,512
Shampoo,2,Norway,10.16,0,512,1.0,109.59,597,565
Shampoo,3,Norway,9.73,0,565,1.0,100.85,734,566
Shampoo,4,Norway,9.32,0,566,1.0,92.37,818,522
Shampoo,5,Norway,9.67,1,522,1.0,106.76,743,668
Shampoo,6,Norway,5.79,0,668,0.9,97.12,875,584
Shampoo,7,Norway,10.92,0,584,0.9,108.97,755,573
Shampoo,8,Norway,8.31,0,573,0.9,93.81,800,482
Shampoo,9,Norway,14.93,0,482,1.0,91.54,577,438
Shampoo,10,Norway,12.32,0,438,1.0,96.93,649,422
Shampoo,11,Norway,4.54,1,422,1.2,98.63,524,601
Shampoo,12,Norway,9.47,0,601,1.2,99.49,901,719
Shampoo,1,Norway,6.5,0,719,1.2,109.84,810,942
Shampoo,2,Norway,10.65,1,942,1.0,94.58,1342,1061
Shampoo,3,Norway,9.02,0,1061,1.0,109.0,1464,1143
Shampoo,4,Norway,11.0,1,1143,1.0,106.62,1572,1476
Shampoo,5,Norway,3.83,1,1476,1.0,90.38,2028,1590
Shampoo,6,Norway,11.13,0,1590,0.9,94.19,1760,1341
Shampoo,7,Norway,11.27,0,1341,0.9,93.36,1805,1132
Shampoo,8,Norway,5.14,0,1132,0.9,99.22,1286,999
Shampoo,9,Norway,13.29,0,999,1.0,93.88,1116,923
Shampoo,10,Norway,6.24,1,923,1.0,106.98,1358,1180
Shampoo,11,Norway,11.32,1,1180,1.2,104.08,1645,1776
Shampoo,12,Norway,8.27,1,1776,1.2,102.76,2274,2627
Shampoo,1,Norway,5.37,0,2627,1.2,98.36,3808,3117
Shampoo,2,Norway,7.01,0,3117,1.0,93.82,4168,2929
Shampoo,3,Norway,12.5,0,2929,1.0,94.36,3311,2753
Shampoo,4,Norway,8.31,0,2753,1.0,91.85,3432,2529
Shampoo,5,Norway,5.98,0,2529,1.0,94.2,3565,2369
Shampoo,6,Norway,11.56,0,2369,0.9,103.64,3419,2214
Shampoo,7,Norway,5.52,0,2214,0.9,103.43,2456,2057
Shampoo,8,Norway,6.43,0,2057,0.9,97.69,2392,1812
Shampoo,9,Norway,8.54,0,1812,1.0,109.15,2548,1990
Shampoo,10,Norway,4.2,0,1990,1.0,107.96,2614,2160
Shampoo,11,Norway,14.33,0,2160,1.2,90.78,2800,2351
Shampoo,12,Norway,4.04,0,2351,1.2,104.91,2767,2966
Shampoo,1,Norway,12.66,0,2966,1.2,90.43,3445,3215
Shampoo,2,Norway,13.42,0,3215,1.0,93.65,4402,3012
Shampoo,3,Norway,6.84,0,3012,1.0,104.65,3882,3139
Shampoo,4,Norway,13.83,0,3139,1.0,95.44,3518,2989
Shampoo,5,Norway,5.95,1,2989,1.0,90.55,4101,3252
Shampoo,6,Norway,8.73,0,3252,0.9,91.69,4688,2669
Shampoo,7,Norway,6.62,0,2669,0.9,106.53,3539,2559
Shampoo,8,Norway,4.19,0,2559,0.9,109.14,3786,2515
Shampoo,9,Norway,5.18,0,2515,1.0,98.92,3399,2492
Shampoo,10,Norway,15.0,0,2492,1.0,100.09,3326,2482
Shampoo,11,Norway,8.51,0,2482,1.2,98.19,3403,2910
Shampoo,12,Norway,12.85,1,2910,1.2,98.36,4210,4129
Soap,1,Norway,4.29,0,119,1.2,107.1,143,154
Soap,2,Norway,13.53,0,154,1.0,94.38,206,142
Soap,3,Norway,7.21,0,142,1.0,100.53,161,130
Soap,4,Norway,9.32,1,130,1.0,95.81,183,146
Soap,5,Norway,11.73,1,146,1.0,90.18,202,149
Soap,6,Norway,5.9,0,149,0.9,103.1,182,145
Soap,7,Norway,9.42,0,145,0.9,104.24,202,125
Soap,8,Norway,12.32,0,125,0.9,93.37,172,103
Soap,9,Norway,6.19,1,103,1.0,106.61,118,138
Soap,10,Norway,5.09,0,138,1.0,97.86,161,139
Soap,11,Norway,5.79,0,139,1.2,97.35,166,158
Soap,12,Norway,12.32,0,158,1.2,97.39,197,189
Soap,1,Norway,13.41,0,189,1.2,105.77,276,246
Soap,2,Norway,10.38,0,246,1.0,104.93,341,259
Soap,3,Norway,14.57,0,259,1.0,90.69,295,238
Soap,4,Norway,3.7,1,238,1.0,90.62,331,257
Soap,5,Norway,10.27,1,257,1.0,93.21,354,296
Soap,6,Norway,12.62,1,296,0.9,104.98,429,334
Soap,7,Norway,10.29,0,334,0.9,98.52,473,284
Soap,8,Norway,12.23,0,284,0.9,91.35,408,237
Soap,9,Norway,13.91,0,237,1.0,104.53,307,239
Soap,10,Norway,8.03,1,239,1.0,104.36,352,309
Soap,11,Norway,8.24,0,309,1.2,107.11,369,400
Soap,12,Norway,6.59,1,400,1.2,104.91,456,588
Soap,1,Norway,8.85,0,588,1.2,97.18,668,692
Soap,2,Norway,12.23,0,692,1.0,91.66,765,636
Soap,3,Norway,12.06,0,636,1.0,92.26,906,592
Soap,4,Norway,10.02,1,592,1.0,92.67,822,658
Soap,5,Norway,9.81,1,658,1.0,106.78,867,852
Soap,6,Norway,13.74,0,852,0.9,108.52,1081,826
Soap,7,Norway,8.24,0,826,0.9,107.81,1219,808
Soap,8,Norway,6.53,1,808,0.9,98.9,1027,865
Soap,9,Norway,5.46,1,865,1.0,96.34,994,986
Soap,10,Norway,8.53,1,986,1.0,97.33,1230,1137
Soap,11,Norway,5.23,0,1137,1.2,93.3,1517,1270
Soap,12,Norway,5.53,0,1270,1.2,96.23,1585,1460
Soap,1,Norway,13.56,0,1460,1.2,103.2,1624,1792
Soap,2,Norway,10.27,0,1792,1.0,94.94,2488,1691
Soap,3,Norway,5.64,0,1691,1.0,93.2,2367,1574
Soap,4,Norway,8.44,1,1574,1.0,98.46,1886,1853
Soap,5,Norway,10.09,1,1853,1.0,99.95,2143,2240
Soap,6,Norway,6.54,0,2240,0.9,108.03,2902,2172
Soap,7,Norway,9.32,1,2172,0.9,96.76,2455,2279
Soap,8,Norway,10.82,0,2279,0.9,104.5,3063,2156
Soap,9,Norway,13.76,0,2156,1.0,103.08,2860,2218
Soap,10,Norway,6.99,0,2218,1.0,103.43,2639,2289
Soap,11,Norway,11.1,1,2289,1.2,102.17,2783,3363
Soap,12,Norway,3.73,1,3363,1.2,100.43,4385,4862
Soap,1,Norway,3.85,1,4862,1.2,90.51,6825,6333
Soap,2,Norway,8.16,1,6333,1.0,95.01,7092,7210
Soap,3,Norway,5.57,0,7210,1.0,95.1,9793,6859
Soap,4,Norway,10.69,0,6859,1.0,106.98,7696,7334
Soap,5,Norway,5.14,0,7334,1.0,91.57,8388,6734
Soap,6,Norway,14.73,0,6734,0.9,92.89,8377,5637
Soap,7,Norway,7.79,0,5637,0.9,91.16,6945,4621
Soap,8,Norway,5.43,0,4621,0.9,90.93,5538,3786
Soap,9,Norway,5.4,1,3786,1.0,100.65,4349,4577
Soap,10,Norway,9.74,0,4577,1.0,106.74,5234,4894
Soap,11,Norway,9.37,0,4894,1.2,108.65,5898,6366
Soap,12,Norway,8.64,0,6366,1.2,93.84,8459,7158
Toothpaste,1,Norway,9.64,1,168,1.2,94.66,201,222
Toothpaste,2,Norway,4.0,0,222,1.0,92.79,285,205
Toothpaste,3,Norway,8.74,0,205,1.0,104.68,299,186
Toothpaste,4,Norway,13.42,0,186,1.0,106.71,213,191
Toothpaste,5,Norway,9.42,1,191,1.0,94.21,210,226
Toothpaste,6,Norway,13.51,0,226,0.9,97.39,338,189
Toothpaste,7,Norway,13.06,0,189,0.9,109.81,214,188
Toothpaste,8,Norway,7.42,0,188,0.9,97.75,239,167
Toothpaste,9,Norway,4.66,1,167,1.0,108.75,215,221
Toothpaste,10,Norway,9.78,1,221,1.0,92.04,307,249
Toothpaste,11,Norway,9.05,0,249,1.2,94.47,355,290
Toothpaste,12,Norway,9.1,1,290,1.2,106.41,351,456
Toothpaste,1,Norway,14.59,0,456,1.2,99.19,549,539
Toothpaste,2,Norway,11.61,1,539,1.0,93.13,724,595
Toothpaste,3,Norway,10.3,0,595,1.0,106.39,789,636
Toothpaste,4,Norway,6.64,0,636,1.0,95.85,822,612
Toothpaste,5,Norway,5.56,0,612,1.0,104.65,814,647
Toothpaste,6,Norway,5.5,1,647,0.9,104.29,819,716
Toothpaste,7,Norway,4.13,0,716,0.9,90.03,939,586
Toothpaste,8,Norway,14.74,0,586,0.9,90.57,666,466
Toothpaste,9,Norway,10.57,1,466,1.0,90.49,684,508
Toothpaste,10,Norway,12.86,0,508,1.0,99.64,627,502
Toothpaste,11,Norway,10.43,1,502,1.2,90.61,645,664
Toothpaste,12,Norway,6.34,1,664,1.2,97.71,912,922
Toothpaste,1,Norway,11.69,0,922,1.2,103.63,1323,1147
Toothpaste,2,Norway,9.68,0,1147,1.0,107.33,1456,1234
Toothpaste,3,Norway,9.37,0,1234,1.0,96.11,1420,1183
Toothpaste,4,Norway,14.16,0,1183,1.0,105.89,1354,1254
Toothpaste,5,Norway,12.59,0,1254,1.0,103.19,1753,1290
Toothpaste,6,Norway,10.61,1,1290,0.9,108.9,1817,1518
Toothpaste,7,Norway,8.93,1,1518,0.9,92.38,1782,1517
Toothpaste,8,Norway,5.4,0,1517,0.9,103.61,2237,1410
Toothpaste,9,Norway,6.64,0,1410,1.0,105.54,1790,1487
Toothpaste,10,Norway,9.93,1,1487,1.0,97.83,1797,1729
Toothpaste,11,Norway,6.15,0,1729,1.2,103.03,2204,2124
Toothpaste,12,Norway,12.62,1,2124,1.2,97.74,3054,2986
Toothpaste,1,Norway,11.89,0,2986,1.2,105.2,4353,3759
Toothpaste,2,Norway,11.88,1,3759,1.0,99.88,4992,4503
Toothpaste,3,Norway,11.68,0,4503,1.0,96.03,6728,4333
Toothpaste,4,Norway,14.46,0,4333,1.0,98.09,6156,4260
Toothpaste,5,Norway,5.46,1,4260,1.0,104.54,5459,5342
Toothpaste,6,Norway,8.08,1,5342,0.9,102.52,6587,5905
Toothpaste,7,Norway,11.4,0,5905,0.9,109.56,7655,5812
Toothpaste,8,Norway,7.17,0,5812,0.9,100.48,8262,5269
Toothpaste,9,Norway,9.74,1,5269,1.0,98.66,6044,6245
Toothpaste,10,Norway,14.61,0,6245,1.0,108.36,7317,6765
Toothpaste,11,Norway,8.3,0,6765,1.2,94.01,7969,7632
Toothpaste,12,Norway,6.57,0,7632,1.2,96.85,9188,8868
Toothpaste,1,Norway,11.03,1,8868,1.2,109.39,11299,13973
Toothpaste,2,Norway,11.63,0,13973,1.0,106.26,20852,14847
Toothpaste,3,Norway,12.84,1,14847,1.0,105.07,20236,18725
Toothpaste,4,Norway,11.32,1,18725,1.0,104.73,22208,23538
Toothpaste,5,Norway,8.57,1,23538,1.0,109.89,28110,31031
Toothpaste,6,Norway,8.46,0,31031,0.9,103.09,39416,28793
Toothpaste,7,Norway,13.38,1,28793,0.9,93.49,37320,29082
Toothpaste,8,Norway,10.12,0,29082,0.9,96.34,39374,25219
Toothpaste,9,Norway,13.34,0,25219,1.0,106.52,29052,26866
Toothpaste,10,Norway,13.07,0,26866,1.0,107.91,30306,28985
Toothpaste,11,Norway,5.07,0,28985,1.2,99.88,38923,34734
Toothpaste,12,Norway,6.27,0,34734,1.2,100.76,50865,41997
Lotion,1,Norway,10.84,0,161,1.2,100.69,204,189
Lotion,2,Norway,10.09,0,189,1.0,108.97,212,213
Lotion,3,Norway,4.98,0,213,1.0,104.59,312,221
Lotion,4,Norway,7.43,0,221,1.0,106.47,266,229
Lotion,5,Norway,5.0,0,229,1.0,102.15,306,242
Lotion,6,Norway,5.28,1,242,0.9,93.48,344,235
Lotion,7,Norway,3.87,1,235,0.9,108.72,262,275
Lotion,8,Norway,10.95,0,275,0.9,98.25,386,238
Lotion,9,Norway,7.6,0,238,1.0,109.46,309,279
Lotion,10,Norway,11.96,1,279,1.0,90.52,331,302
Lotion,11,Norway,9.21,0,302,1.2,99.49,424,353
Lotion,12,Norway,10.62,0,353,1.2,101.86,438,431
Lotion,1,Norway,14.14,0,431,1.2,90.31,567,465
Lotion,2,Norway,7.91,0,465,1.0,95.45,647,437
Lotion,3,Norway,7.75,0,437,1.0,96.11,624,427
Lotion,4,Norway,9.15,0,427,1.0,100.09,561,432
Lotion,5,Norway,10.19,0,432,1.0,91.05,591,395
Lotion,6,Norway,9.64,1,395,0.9,96.15,510,403
Lotion,7,Norway,13.36,0,403,0.9,108.82,478,409
Lotion,8,Norway,5.92,1,409,0.9,108.74,475,483
Lotion,9,Norway,12.31,1,483,1.0,106.58,631,613
Lotion,10,Norway,8.79,1,613,1.0,98.01,847,729
Lotion,11,Norway,6.04,0,729,1.2,101.98,1011,893
Lotion,12,Norway,8.19,1,893,1.2,96.1,1335,1243
Lotion,1,Norway,11.67,0,1243,1.2,108.96,1532,1628
Lotion,2,Norway,11.62,1,1628,1.0,106.96,2177,2107
Lotion,3,Norway,11.29,0,2107,1.0,103.09,3036,2163
Lotion,4,Norway,12.55,1,2163,1.0,102.26,3184,2650
Lotion,5,Norway,9.27,0,2650,1.0,104.98,3183,2805
Lotion,6,Norway,8.84,1,2805,0.9,98.74,4018,2990
Lotion,7,Norway,11.96,0,2990,0.9,103.9,3868,2786
Lotion,8,Norway,4.39,0,2786,0.9,102.29,3315,2569
Lotion,9,Norway,7.4,0,2569,1.0,106.56,2865,2746
Lotion,10,Norway,3.8,1,2746,1.0,108.07,4042,3560
Lotion,11,Norway,6.32,1,3560,1.2,103.43,4614,5287
Lotion,12,Norway,11.83,0,5287,1.2,106.74,7299,6764
Lotion,1,Norway,11.42,1,6764,1.2,95.72,7699,9310
Lotion,2,Norway,7.44,1,9310,1.0,102.32,10416,11447
Lotion,3,Norway,4.65,0,11447,1.0,104.11,16213,11904
Lotion,4,Norway,12.86,0,11904,1.0,100.73,17758,11986
Lotion,5,Norway,4.08,1,11986,1.0,107.74,14933,15500
Lotion,6,Norway,14.67,0,15500,0.9,99.15,21969,13821
Lotion,7,Norway,12.21,1,13821,0.9,107.59,19926,16062
Lotion,8,Norway,6.28,1,16062,0.9,104.5,23046,18122
Lotion,9,Norway,8.27,0,18122,1.0,105.0,26979,19030
Lotion,10,Norway,10.13,0,19030,1.0,99.25,25758,18884
Lotion,11,Norway,6.74,0,18884,1.2,97.91,21805,22185
Lotion,12,Norway,10.29,0,22185,1.2,100.54,30225,26774
Lotion,1,Norway,5.76,0,26774,1.2,109.71,31343,35239
Lotion,2,Norway,10.66,0,35239,1.0,98.26,52040,34628
Lotion,3,Norway,12.21,1,34628,1.0,105.88,45778,44003
Lotion,4,Norway,6.66,0,44003,1.0,104.21,61952,45845
Lotion,5,Norway,9.19,1,45845,1.0,98.1,67896,53956
Lotion,6,Norway,4.04,0,53956,0.9,106.79,63343,51855
Lotion,7,Norway,11.6,0,51855,0.9,95.63,66977,44613
Lotion,8,Norway,9.93,1,44613,0.9,95.46,59397,45996
Lotion,9,Norway,11.21,0,45996,1.0,102.76,66735,47270
Lotion,10,Norway,13.48,1,47270,1.0,96.93,59605,54971
Lotion,11,Norway,9.91,0,54971,1.2,90.02,76375,59388
Lotion,12,Norway,9.47,0,59388,1.2,100.73,83045,71795
Detergent,1,Norway,7.77,1,116,1.2,103.09,143,175
Detergent,2,Norway,6.44,1,175,1.0,90.88,196,201
Detergent,3,Norway,13.13,0,201,1.0,93.24,241,184
Detergent,4,Norway,13.88,0,184,1.0,109.38,239,196
Detergent,5,Norway,7.61,0,196,1.0,100.25,276,195
Detergent,6,Norway,4.84,1,195,0.9,108.02,249,219
Detergent,7,Norway,4.08,0,219,0.9,101.78,260,195
Detergent,8,Norway,8.77,0,195,0.9,98.07,274,172
Detergent,9,Norway,12.66,1,172,1.0,94.02,202,195
Detergent,10,Norway,10.03,1,195,1.0,104.58,282,248
Detergent,11,Norway,11.12,0,248,1.2,94.73,295,265
Detergent,12,Norway,6.66,0,265,1.2,101.25,390,345
Detergent,1,Norway,6.89,0,345,1.2,92.52,441,375
Detergent,2,Norway,7.22,0,375,1.0,109.23,519,414
Detergent,3,Norway,7.27,1,414,1.0,98.43,572,491
Detergent,4,Norway,11.05,0,491,1.0,95.53,640,463
Detergent,5,Norway,5.01,1,463,1.0,108.6,527,607
Detergent,6,Norway,9.07,1,607,0.9,96.01,844,622
Detergent,7,Norway,6.51,1,622,0.9,101.5,723,681
Detergent,8,Norway,6.36,0,681,0.9,93.95,987,591
Detergent,9,Norway,11.59,1,591,1.0,98.67,844,696
Detergent,10,Norway,11.27,1,696,1.0,95.6,1017,798
Detergent,11,Norway,9.42,0,798,1.2,108.74,963,1032
Detergent,12,Norway,9.79,0,1032,1.2,94.73,1366,1178
Detergent,1,Norway,12.73,0,1178,1.2,91.85,1708,1292
Detergent,2,Norway,9.16,0,1292,1.0,92.3,1577,1194
Detergent,3,Norway,6.66,1,1194,1.0,92.28,1570,1330
Detergent,4,Norway,10.91,1,1330,1.0,92.52,1566,1474
Detergent,5,Norway,14.37,0,1474,1.0,95.72,1821,1415
Detergent,6,Norway,7.43,0,1415,0.9,108.14,1921,1380
Detergent,7,Norway,8.24,0,1380,0.9,109.84,1855,1372
Detergent,8,Norway,5.94,1,1372,0.9,93.81,2018,1394
Detergent,9,Norway,3.96,1,1394,1.0,105.66,1804,1777
Detergent,10,Norway,12.11,0,1777,1.0,108.27,2228,1921
Detergent,11,Norway,11.1,0,1921,1.2,96.92,2567,2223
Detergent,12,Norway,5.88,0,2223,1.2,102.97,3012,2733
Detergent,1,Norway,9.88,0,2733,1.2,95.42,3447,3116
Detergent,2,Norway,11.12,0,3116,1.0,104.53,4420,3254
Detergent,3,Norway,13.86,0,3254,1.0,98.19,4297,3196
Detergent,4,Norway,8.92,0,3196,1.0,91.88,4481,2930
Detergent,5,Norway,12.03,0,2930,1.0,97.54,3922,2839
Detergent,6,Norway,4.32,1,2839,0.9,104.3,3704,3192
Detergent,7,Norway,7.3,0,3192,0.9,99.86,4714,2865
Detergent,8,Norway,8.55,0,2865,0.9,107.16,4092,2762
Detergent,9,Norway,5.22,0,2762,1.0,105.02,3725,2912
Detergent,10,Norway,7.05,0,2912,1.0,101.47,3295,2940
Detergent,11,Norway,11.29,0,2940,1.2,91.55,4260,3235
Detergent,12,Norway,12.5,1,3235,1.2,108.88,4332,5076
Detergent,1,Norway,8.63,1,5076,1.2,91.73,6990,6702
Detergent,2,Norway,12.43,1,6702,1.0,99.31,8377,7990
Detergent,3,Norway,7.34,0,7990,1.0,99.11,10465,7917
Detergent,4,Norway,13.95,0,7917,1.0,90.02,8846,7131
Detergent,5,Norway,13.55,0,7131,1.0,108.33,9775,7718
Detergent,6,Norway,12.61,0,7718,0.9,95.02,9601,6592
Detergent,7,Norway,9.22,1,6592,0.9,91.62,8820,6507
Detergent,8,Norway,6.41,0,6507,0.9,93.32,7945,5468
Detergent,9,Norway,3.71,1,5468,1.0,93.25,6966,6113
Detergent,10,Norway,11.21,0,6113,1.0,107.04,8866,6530
Detergent,11,Norway,9.94,0,6530,1.2,102.46,8317,8021
Detergent,12,Norway,6.42,0,8021,1.2,105.29,11988,10138
Conditioner,1,Norway,13.45,1,99,1.2,100.32,117,144
Conditioner,2,Norway,12.56,0,144,1.0,109.91,164,150
Conditioner,3,Norway,4.83,1,150,1.0,108.39,218,206
Conditioner,4,Norway,6.76,0,206,1.0,108.45,278,222
Conditioner,5,Norway,7.26,0,222,1.0,105.41,294,237
Conditioner,6,Norway,5.83,0,237,0.9,93.52,304,200
Conditioner,7,Norway,7.36,1,200,0.9,105.39,241,225
Conditioner,8,Norway,6.53,0,225,0.9,94.48,247,194
Conditioner,9,Norway,4.68,0,194,1.0,94.66,231,192
Conditioner,10,Norway,5.25,1,192,1.0,107.05,242,244
Conditioner,11,Norway,5.72,0,244,1.2,103.94,310,310
Conditioner,12,Norway,4.62,0,310,1.2,90.99,367,332
Conditioner,1,Norway,8.79,1,332,1.2,94.1,452,464
Conditioner,2,Norway,9.7,0,464,1.0,107.47,578,492
Conditioner,3,Norway,4.46,0,492,1.0,99.8,698,508
Conditioner,4,Norway,14.15,0,508,1.0,92.93,597,462
Conditioner,5,Norway,3.91,1,462,1.0,93.18,583,513
Conditioner,6,Norway,14.32,0,513,0.9,91.84,755,427
Conditioner,7,Norway,7.22,0,427,0.9,95.95,584,378
Conditioner,8,Norway,13.26,0,378,0.9,102.67,497,362
Conditioner,9,Norway,11.8,0,362,1.0,91.09,526,341
Conditioner,10,Norway,7.68,0,341,1.0,92.8,463,302
Conditioner,11,Norway,5.02,1,302,1.2,97.84,373,428
Conditioner,12,Norway,7.29,0,428,1.2,105.91,533,537
Conditioner,1,Norway,8.36,0,537,1.2,97.28,692,634
Conditioner,2,Norway,10.21,1,634,1.0,103.07,864,792
Conditioner,3,Norway,12.51,0,792,1.0,93.3,921,741
Conditioner,4,Norway,4.24,0,741,1.0,92.35,1048,680
Conditioner,5,Norway,5.68,0,680,1.0,98.06,754,658
Conditioner,6,Norway,13.31,0,658,0.9,99.91,779,585
Conditioner,7,Norway,4.98,0,585,0.9,96.92,870,504
Conditioner,8,Norway,6.84,1,504,0.9,106.93,723,582
Conditioner,9,Norway,8.93,0,582,1.0,101.9,668,601
Conditioner,10,Norway,12.66,0,601,1.0,91.6,776,551
Conditioner,11,Norway,9.2,0,551,1.2,108.84,648,710
Conditioner,12,Norway,10.15,0,710,1.2,99.16,1039,834
Conditioner,1,Norway,5.05,1,834,1.2,106.59,1098,1285
Conditioner,2,Norway,3.68,1,1285,1.0,102.09,1625,1589
Conditioner,3,Norway,5.26,0,1589,1.0,90.99,2126,1446
Conditioner,4,Norway,6.76,1,1446,1.0,100.44,1933,1737
Conditioner,5,Norway,4.6,0,1737,1.0,105.54,2462,1825
Conditioner,6,Norway,14.62,0,1825,0.9,100.65,2163,1658
Conditioner,7,Norway,4.23,0,1658,0.9,109.38,2390,1644
Conditioner,8,Norway,5.38,0,1644,0.9,102.7,2333,1517
Conditioner,9,Norway,6.4,0,1517,1.0,106.85,2190,1616
Conditioner,10,Norway,12.16,0,1616,1.0,98.93,2364,1587
Conditioner,11,Norway,8.18,1,1587,1.2,95.9,2024,2192
Conditioner,12,Norway,5.82,1,2192,1.2,95.36,2884,3016
Conditioner,1,Norway,4.21,0,3016,1.2,101.26,4392,3658
Conditioner,2,Norway,7.88,1,3658,1.0,99.59,4164,4373
Conditioner,3,Norway,5.58,0,4373,1.0,99.52,5287,4356
Conditioner,4,Norway,12.11,1,4356,1.0,108.93,4894,5698
Conditioner,5,Norway,14.17,0,5698,1.0,100.54,8263,5720
Conditioner,6,Norway,5.09,0,5720,0.9,100.64,8142,5173
Conditioner,7,Norway,9.62,0,5173,0.9,104.69,6762,4874
Conditioner,8,Norway,13.56,0,4874,0.9,102.43,5823,4498
Conditioner,9,Norway,10.85,0,4498,1.0,92.52,5186,4178
Conditioner,10,Norway,10.01,0,4178,1.0,100.76,5338,4200
Conditioner,11,Norway,10.55,1,4200,1.2,97.02,5446,5869
Conditioner,12,Norway,8.58,1,5869,1.2,92.03,6579,7777
Shampoo,1,Denmark,14.01,0,180,1.2,104.73,218,222
Shampoo,2,Denmark,10.11,1,222,1.0,95.23,290,263
Shampoo,3,Denmark,6.03,1,263,1.0,96.43,312,308
Shampoo,4,Denmark,6.57,0,308,1.0,93.63,342,293
Shampoo,5,Denmark,8.42,0,293,1.0,109.29,366,310
Shampoo,6,Denmark,6.76,0,310,0.9,106.04,387,293
Shampoo,7,Denmark,13.78,0,293,0.9,97.93,354,258
Shampoo,8,Denmark,10.26,1,258,0.9,95.39,315,267
Shampoo,9,Denmark,12.43,0,267,1.0,106.19,298,303
Shampoo,10,Denmark,12.27,1,303,1.0,92.02,377,332
Shampoo,11,Denmark,7.08,0,332,1.2,108.53,386,412
Shampoo,12,Denmark,9.15,0,412,1.2,94.53,609,467
Shampoo,1,Denmark,12.86,0,467,1.2,98.35,656,555
Shampoo,2,Denmark,11.3,0,555,1.0,108.97,823,605
Shampoo,3,Denmark,11.98,0,605,1.0,98.32,760,571
Shampoo,4,Denmark,4.86,0,571,1.0,98.92,646,567
Shampoo,5,Denmark,11.17,0,567,1.0,108.02,684,616
Shampoo,6,Denmark,9.73,0,616,0.9,91.23,690,495
Shampoo,7,Denmark,14.92,0,495,0.9,101.1,680,444
Shampoo,8,Denmark,9.4,1,444,0.9,103.22,579,494
Shampoo,9,Denmark,5.4,0,494,1.0,95.56,595,467
Shampoo,10,Denmark,13.24,0,467,1.0,105.76,606,490
Shampoo,11,Denmark,8.88,0,490,1.2,99.72,694,588
Shampoo,12,Denmark,13.51,0,588,1.2,105.73,806,741
Shampoo,1,Denmark,6.56,0,741,1.2,98.71,820,865
Shampoo,2,Denmark,9.03,0,865,1.0,105.78,987,922
Shampoo,3,Denmark,4.93,0,922,1.0,108.91,1231,995
Shampoo,4,Denmark,5.35,1,995,1.0,102.54,1413,1222
Shampoo,5,Denmark,4.97,0,1222,1.0,95.61,1349,1164
Shampoo,6,Denmark,13.43,0,1164,0.9,103.26,1495,1072
Shampoo,7,Denmark,10.45,1,1072,0.9,101.86,1289,1186
Shampoo,8,Denmark,5.5,0,1186,0.9,99.45,1705,1067
Shampoo,9,Denmark,7.72,0,1067,1.0,93.23,1185,991
Shampoo,10,Denmark,8.35,0,991,1.0,106.98,1368,1060
Shampoo,11,Denmark,8.68,1,1060,1.2,94.31,1234,1440
Shampoo,12,Denmark,9.21,0,1440,1.2,96.9,2012,1665
Shampoo,1,Denmark,14.11,0,1665,1.2,95.91,2109,1908
Shampoo,2,Denmark,5.08,0,1908,1.0,105.68,2527,2016
Shampoo,3,Denmark,13.18,0,2016,1.0,105.15,2781,2110
Shampoo,4,Denmark,14.69,0,2110,1.0,98.74,2726,2083
Shampoo,5,Denmark,4.31,1,2083,1.0,108.85,2384,2702
Shampoo,6,Denmark,8.78,0,2702,0.9,92.75,3242,2251
Shampoo,7,Denmark,6.42,0,2251,0.9,94.13,3146,1909
Shampoo,8,Denmark,8.93,1,1909,0.9,103.3,2850,2131
Shampoo,9,Denmark,7.71,1,2131,1.0,109.21,3162,2801
Shampoo,10,Denmark,8.13,0,2801,1.0,102.08,3696,2850
Shampoo,11,Denmark,12.43,0,2850,1.2,93.82,3679,3207
Shampoo,12,Denmark,10.48,0,3207,1.2,95.8,4121,3694
Shampoo,1,Denmark,9.93,0,3694,1.2,90.44,5461,4011
Shampoo,2,Denmark,10.08,0,4011,1.0,100.87,5454,4052
Shampoo,3,Denmark,14.5,0,4052,1.0,94.5,5782,3819
Shampoo,4,Denmark,11.32,1,3819,1.0,96.24,4590,4410
Shampoo,5,Denmark,6.52,0,4410,1.0,102.48,5117,4517
Shampoo,6,Denmark,14.98,0,4517,0.9,109.17,6249,4438
Shampoo,7,Denmark,7.94,1,4438,0.9,106.75,5772,5110
Shampoo,8,Denmark,13.6,0,5110,0.9,100.64,6499,4638
Shampoo,9,Denmark,6.35,0,4638,1.0,107.4,5222,4986
Shampoo,10,Denmark,9.84,0,4986,1.0,90.26,6540,4509
Shampoo,11,Denmark,10.78,0,4509,1.2,98.39,5166,5325
Shampoo,12,Denmark,6.56,1,5325,1.2,106.24,7737,8140
Soap,1,Denmark,9.42,0,168,1.2,99.9,236,206
Soap,2,Denmark,7.35,0,206,1.0,107.55,297,232
Soap,3,Denmark,5.63,0,232,1.0,94.33,295,221
Soap,4,Denmark,6.02,1,221,1.0,109.21,316,282
Soap,5,Denmark,10.64,0,282,1.0,99.76,354,276
Soap,6,Denmark,4.8,1,276,0.9,108.38,337,323
Soap,7,Denmark,12.45,1,323,0.9,103.62,457,373
Soap,8,Denmark,10.41,1,373,0.9,94.2,550,393
Soap,9,Denmark,4.7,1,393,1.0,108.87,444,506
Soap,10,Denmark,12.86,0,506,1.0,101.42,557,516
Soap,11,Denmark,11.07,1,516,1.2,105.87,603,781
Soap,12,Denmark,13.37,0,781,1.2,91.26,1068,845
Soap,1,Denmark,11.76,0,845,1.2,99.75,1237,1016
Soap,2,Denmark,7.65,0,1016,1.0,92.58,1244,941
Soap,3,Denmark,4.42,0,941,1.0,109.33,1401,1030
Soap,4,Denmark,6.78,0,1030,1.0,95.8,1181,985
Soap,5,Denmark,13.19,0,985,1.0,108.82,1325,1074
Soap,6,Denmark,12.84,1,1074,0.9,106.73,1516,1240
Soap,7,Denmark,8.88,1,1240,0.9,108.78,1570,1463
Soap,8,Denmark,4.34,0,1463,0.9,93.64,1830,1226
Soap,9,Denmark,9.31,1,1226,1.0,99.32,1608,1468
Soap,10,Denmark,10.06,0,1468,1.0,100.93,1888,1487
Soap,11,Denmark,5.33,0,1487,1.2,97.22,1778,1737
Soap,12,Denmark,5.28,1,1737,1.2,104.31,2408,2609
Soap,1,Denmark,8.74,0,2609,1.2,104.84,3861,3281
Soap,2,Denmark,3.94,1,3281,1.0,95.16,3795,3745
Soap,3,Denmark,12.56,1,3745,1.0,105.34,4221,4734
Soap,4,Denmark,8.0,1,4734,1.0,99.57,5341,5644
Soap,5,Denmark,9.15,1,5644,1.0,108.31,6531,7354
Soap,6,Denmark,6.71,0,7354,0.9,103.89,8296,6884
Soap,7,Denmark,7.97,0,6884,0.9,99.51,8394,6179
Soap,8,Denmark,6.41,1,6179,0.9,95.88,9122,6403
Soap,9,Denmark,14.02,0,6403,1.0,109.96,9004,7035
Soap,10,Denmark,8.42,0,7035,1.0,107.88,8913,7593
Soap,11,Denmark,7.6,0,7593,1.2,101.77,8861,9279
Soap,12,Denmark,10.74,1,9279,1.2,95.93,10515,12810
Soap,1,Denmark,12.46,0,12810,1.2,92.5,18419,14229
Soap,2,Denmark,4.74,0,14229,1.0,109.98,18413,15645
Soap,3,Denmark,5.1,0,15645,1.0,96.47,17855,15098
Soap,4,Denmark,8.38,0,15098,1.0,91.91,18700,13888
Soap,5,Denmark,5.43,0,13888,1.0,93.13,15837,12936
Soap,6,Denmark,9.35,0,12936,0.9,92.81,18807,10816
Soap,7,Denmark,12.17,1,10816,0.9,106.11,13215,12383
Soap,8,Denmark,6.17,0,12383,0.9,107.89,17749,12015
Soap,9,Denmark,8.17,0,12015,1.0,103.62,15090,12443
Soap,10,Denmark,10.4,1,12443,1.0,91.91,18177,13706
Soap,11,Denmark,4.17,1,13706,1.2,105.99,19402,20905
Soap,12,Denmark,5.85,0,20905,1.2,94.3,26126,23667
Soap,1,Denmark,4.59,0,23667,1.2,93.32,31703,26512
Soap,2,Denmark,4.47,0,26512,1.0,100.12,38068,26539
Soap,3,Denmark,4.14,0,26539,1.0,94.34,29911,25054
Soap,4,Denmark,8.52,0,25054,1.0,104.76,28524,26244
Soap,5,Denmark,6.64,0,26244,1.0,98.22,33117,25791
Soap,6,Denmark,13.03,0,25791,0.9,94.58,33963,21968
Soap,7,Denmark,6.23,0,21968,0.9,98.58,26555,19485
Soap,8,Denmark,10.8,1,19485,0.9,98.1,26617,20650
Soap,9,Denmark,7.07,0,20650,1.0,104.34,25571,21555
Soap,10,Denmark,10.8,1,21555,1.0,95.79,28099,24771
Soap,11,Denmark,9.92,1,24771,1.2,103.43,28360,36871
Soap,12,Denmark,4.39,0,36871,1.2,95.3,43978,42172
Toothpaste,1,Denmark,10.46,0,178,1.2,98.35,245,203
Toothpaste,2,Denmark,7.48,0,203,1.0,103.1,263,208
Toothpaste,3,Denmark,6.5,0,208,1.0,101.05,242,211
Toothpaste,4,Denmark,7.43,0,211,1.0,97.53,257,210
Toothpaste,5,Denmark,5.97,0,210,1.0,97.5,310,201
Toothpaste,6,Denmark,9.39,0,201,0.9,102.89,264,188
Toothpaste,7,Denmark,11.58,1,188,0.9,97.56,281,207
Toothpaste,8,Denmark,5.7,0,207,0.9,108.19,298,186
Toothpaste,9,Denmark,4.83,0,186,1.0,100.21,236,175
Toothpaste,10,Denmark,9.17,0,175,1.0,93.31,198,153
Toothpaste,11,Denmark,9.03,0,153,1.2,105.13,192,188
Toothpaste,12,Denmark,7.35,0,188,1.2,108.62,274,251
Toothpaste,1,Denmark,7.77,0,251,1.2,99.43,361,307
Toothpaste,2,Denmark,9.25,1,307,1.0,96.68,404,354
Toothpaste,3,Denmark,13.46,0,354,1.0,106.94,492,377
Toothpaste,4,Denmark,13.34,0,377,1.0,90.72,434,353
Toothpaste,5,Denmark,9.62,0,353,1.0,108.95,444,386
Toothpaste,6,Denmark,8.04,0,386,0.9,98.8,495,340
Toothpaste,7,Denmark,14.05,0,340,0.9,109.55,437,342
Toothpaste,8,Denmark,7.28,0,342,0.9,99.84,478,313
Toothpaste,9,Denmark,10.95,0,313,1.0,102.84,373,325
Toothpaste,10,Denmark,6.11,0,325,1.0,105.91,405,339
Toothpaste,11,Denmark,5.75,1,339,1.2,91.07,504,436
Toothpaste,12,Denmark,8.23,0,436,1.2,109.07,494,563
Toothpaste,1,Denmark,10.94,1,563,1.2,101.52,744,816
Toothpaste,2,Denmark,3.92,1,816,1.0,106.81,966,1038
Toothpaste,3,Denmark,12.53,0,1038,1.0,100.67,1375,1040
Toothpaste,4,Denmark,9.54,0,1040,1.0,98.08,1356,1019
Toothpaste,5,Denmark,12.15,1,1019,1.0,98.75,1382,1208
Toothpaste,6,Denmark,12.8,0,1208,0.9,97.54,1689,1051
Toothpaste,7,Denmark,12.0,0,1051,0.9,91.95,1444,871
Toothpaste,8,Denmark,8.75,0,871,0.9,103.41,1088,811
Toothpaste,9,Denmark,6.02,1,811,1.0,106.58,965,1036
Toothpaste,10,Denmark,5.35,0,1036,1.0,100.69,1482,1038
Toothpaste,11,Denmark,12.36,1,1038,1.2,99.65,1256,1480
Toothpaste,12,Denmark,13.66,0,1480,1.2,96.16,2031,1712
Toothpaste,1,Denmark,7.4,0,1712,1.2,90.94,2391,1868
Toothpaste,2,Denmark,11.46,0,1868,1.0,101.79,2070,1904
Toothpaste,3,Denmark,12.77,0,1904,1.0,109.71,2448,2085
Toothpaste,4,Denmark,12.04,0,2085,1.0,106.03,2318,2206
Toothpaste,5,Denmark,7.36,1,2206,1.0,94.45,2701,2508
Toothpaste,6,Denmark,9.22,0,2508,0.9,92.69,2836,2113
Toothpaste,7,Denmark,13.38,1,2113,0.9,105.7,2664,2409
Toothpaste,8,Denmark,11.06,1,2409,0.9,107.45,3450,2796
Toothpaste,9,Denmark,9.7,0,2796,1.0,94.73,3566,2647
Toothpaste,10,Denmark,5.63,0,2647,1.0,94.33,3919,2490
Toothpaste,11,Denmark,14.17,0,2490,1.2,100.64,2798,3003
Toothpaste,12,Denmark,7.25,0,3003,1.2,104.13,4435,3768
Toothpaste,1,Denmark,8.44,0,3768,1.2,93.17,5414,4207
Toothpaste,2,Denmark,7.86,0,4207,1.0,102.88,5064,4328
Toothpaste,3,Denmark,4.33,1,4328,1.0,93.49,6381,4850
Toothpaste,4,Denmark,11.6,1,4850,1.0,92.21,7222,5366
Toothpaste,5,Denmark,8.83,0,5366,1.0,101.6,7381,5446
Toothpaste,6,Denmark,12.24,0,5446,0.9,102.59,6639,5024
Toothpaste,7,Denmark,11.19,1,5024,0.9,98.69,5944,5343
Toothpaste,8,Denmark,11.66,1,5343,0.9,91.62,6247,5287
Toothpaste,9,Denmark,9.0,1,5287,1.0,106.41,6443,6748
Toothpaste,10,Denmark,7.36,0,6748,1.0,96.66,7757,6526
Toothpaste,11,Denmark,8.61,1,6526,1.2,94.76,7640,8904
Toothpaste,12,Denmark,5.61,1,8904,1.2,109.75,13015,14065
Lotion,1,Denmark,9.96,0,83,1.2,104.87,112,96
Lotion,2,Denmark,6.79,0,96,1.0,97.78,139,93
Lotion,3,Denmark,12.82,1,93,1.0,92.35,103,113
Lotion,4,Denmark,4.95,1,113,1.0,91.75,127,119
Lotion,5,Denmark,5.0,0,119,1.0,108.65,176,114
Lotion,6,Denmark,5.67,1,114,0.9,96.83,142,120
Lotion,7,Denmark,9.81,0,120,0.9,107.83,162,125
Lotion,8,Denmark,9.79,0,125,0.9,105.87,167,123
Lotion,9,Denmark,13.07,1,123,1.0,97.74,148,134
Lotion,10,Denmark,4.77,0,134,1.0,105.45,189,142
Lotion,11,Denmark,10.66,1,142,1.2,109.55,207,230
Lotion,12,Denmark,9.57,1,230,1.2,95.3,295,312
Lotion,1,Denmark,4.38,0,312,1.2,107.15,388,396
Lotion,2,Denmark,9.83,1,396,1.0,107.83,483,508
Lotion,3,Denmark,12.69,0,508,1.0,92.08,596,466
Lotion,4,Denmark,14.29,0,466,1.0,102.04,551,466
Lotion,5,Denmark,13.4,0,466,1.0,101.04,656,472
Lotion,6,Denmark,8.14,0,472,0.9,97.69,552,416
Lotion,7,Denmark,6.54,1,416,0.9,108.8,489,490
Lotion,8,Denmark,8.5,0,490,0.9,90.81,557,400
Lotion,9,Denmark,6.51,0,400,1.0,92.27,594,359
Lotion,10,Denmark,6.48,0,359,1.0,109.44,495,390
Lotion,11,Denmark,11.71,0,390,1.2,93.78,503,453
Lotion,12,Denmark,3.7,1,453,1.2,99.79,616,652
Lotion,1,Denmark,10.33,0,652,1.2,93.25,892,723
Lotion,2,Denmark,9.37,1,723,1.0,90.16,950,786
Lotion,3,Denmark,7.66,1,786,1.0,98.4,1036,942
Lotion,4,Denmark,8.37,0,942,1.0,93.32,1337,881
Lotion,5,Denmark,11.27,0,881,1.0,97.21,1203,855
Lotion,6,Denmark,14.35,0,855,0.9,105.53,1070,822
Lotion,7,Denmark,8.4,0,822,0.9,98.38,1147,723
Lotion,8,Denmark,6.53,0,723,0.9,106.94,1000,703
Lotion,9,Denmark,12.35,1,703,1.0,95.49,1032,801
Lotion,10,Denmark,13.02,0,801,1.0,106.89,1056,852
Lotion,11,Denmark,14.79,0,852,1.2,101.21,1075,1040
Lotion,12,Denmark,7.33,0,1040,1.2,96.8,1421,1218
Lotion,1,Denmark,14.09,0,1218,1.2,109.08,1486,1593
Lotion,2,Denmark,11.3,1,1593,1.0,101.33,2148,1946
Lotion,3,Denmark,8.49,0,1946,1.0,95.87,2218,1868
Lotion,4,Denmark,14.9,0,1868,1.0,93.1,2091,1732
Lotion,5,Denmark,10.7,0,1732,1.0,109.27,2330,1889
Lotion,6,Denmark,6.33,1,1889,0.9,99.36,2521,2031
Lotion,7,Denmark,5.77,0,2031,0.9,94.06,2954,1730
Lotion,8,Denmark,9.89,0,1730,0.9,94.03,2128,1472
Lotion,9,Denmark,11.54,0,1472,1.0,98.77,1705,1462
Lotion,10,Denmark,13.19,1,1462,1.0,102.43,2099,1786
Lotion,11,Denmark,10.21,1,1786,1.2,103.57,2453,2669
Lotion,12,Denmark,9.92,0,2669,1.2,90.31,3634,2897
Lotion,1,Denmark,8.71,0,2897,1.2,97.83,4105,3403
Lotion,2,Denmark,12.27,0,3403,1.0,101.42,3746,3456
Lotion,3,Denmark,12.77,0,3456,1.0,100.08,4766,3445
Lotion,4,Denmark,13.05,1,3445,1.0,100.91,4855,4153
Lotion,5,Denmark,11.6,0,4153,1.0,109.55,5546,4551
Lotion,6,Denmark,5.9,0,4551,0.9,108.03,6609,4424
Lotion,7,Denmark,5.86,0,4424,0.9,98.04,6106,3901
Lotion,8,Denmark,10.38,1,3901,0.9,106.16,5673,4475
Lotion,9,Denmark,10.7,0,4475,1.0,105.63,6674,4728
Lotion,10,Denmark,8.06,1,4728,1.0,94.57,6717,5368
Lotion,11,Denmark,12.23,0,5368,1.2,104.1,7167,6712
Lotion,12,Denmark,12.33,0,6712,1.2,95.45,9784,7683
Detergent,1,Denmark,4.23,1,80,1.2,109.65,88,129
Detergent,2,Denmark,5.13,0,129,1.0,98.3,192,121
Detergent,3,Denmark,14.96,0,121,1.0,94.84,176,99
Detergent,4,Denmark,8.37,0,99,1.0,97.6,117,94
Detergent,5,Denmark,13.63,0,94,1.0,102.78,118,105
Detergent,6,Denmark,5.28,0,105,0.9,99.27,118,86
Detergent,7,Denmark,12.84,1,86,0.9,96.89,106,93
Detergent,8,Denmark,7.87,0,93,0.9,99.63,108,90
Detergent,9,Denmark,9.89,1,90,1.0,104.87,110,119
Detergent,10,Denmark,10.97,0,119,1.0,97.53,159,110
Detergent,11,Denmark,4.15,0,110,1.2,105.04,129,132
Detergent,12,Denmark,10.19,1,132,1.2,99.95,186,190
Detergent,1,Denmark,11.6,0,190,1.2,98.04,211,225
Detergent,2,Denmark,6.59,1,225,1.0,94.49,276,260
Detergent,3,Denmark,12.06,1,260,1.0,100.71,330,319
Detergent,4,Denmark,8.27,0,319,1.0,101.14,424,344
Detergent,5,Denmark,9.68,0,344,1.0,90.74,384,323
Detergent,6,Denmark,14.28,0,323,0.9,97.84,409,281
Detergent,7,Denmark,13.21,1,281,0.9,101.88,395,326
Detergent,8,Denmark,7.51,0,326,0.9,90.85,436,257
Detergent,9,Denmark,9.1,0,257,1.0,105.79,356,263
Detergent,10,Denmark,13.56,0,263,1.0,106.93,306,287
Detergent,11,Denmark,7.8,0,287,1.2,99.48,411,340
Detergent,12,Denmark,4.11,0,340,1.2,99.78,457,387
Detergent,1,Denmark,5.57,1,387,1.2,94.38,505,537
Detergent,2,Denmark,14.29,0,537,1.0,103.93,663,562
Detergent,3,Denmark,4.99,0,562,1.0,97.8,835,548
Detergent,4,Denmark,5.42,0,548,1.0,109.19,771,596
Detergent,5,Denmark,8.38,0,596,1.0,98.59,799,585
Detergent,6,Denmark,5.19,0,585,0.9,105.32,809,537
Detergent,7,Denmark,9.48,0,537,0.9,105.0,591,500
Detergent,8,Denmark,11.34,0,500,0.9,92.03,725,408
Detergent,9,Denmark,6.41,0,408,1.0,103.71,569,431
Detergent,10,Denmark,9.73,0,431,1.0,108.64,578,463
Detergent,11,Denmark,6.83,0,463,1.2,90.78,596,507
Detergent,12,Denmark,6.15,0,507,1.2,100.97,719,612
Detergent,1,Denmark,9.55,0,612,1.2,105.59,679,768
Detergent,2,Denmark,14.04,0,768,1.0,108.24,886,833
Detergent,3,Denmark,13.76,0,833,1.0,98.13,1192,817
Detergent,4,Denmark,4.19,1,817,1.0,95.68,1061,946
Detergent,5,Denmark,8.76,1,946,1.0,107.23,1319,1214
Detergent,6,Denmark,6.85,0,1214,0.9,105.47,1421,1147
Detergent,7,Denmark,7.42,0,1147,0.9,102.06,1685,1060
Detergent,8,Denmark,13.01,1,1060,0.9,106.15,1197,1213
Detergent,9,Denmark,9.06,0,1213,1.0,93.94,1679,1146
Detergent,10,Denmark,12.31,1,1146,1.0,97.23,1281,1332
Detergent,11,Denmark,3.82,1,1332,1.2,102.39,1658,1965
Detergent,12,Denmark,10.88,0,1965,1.2,102.77,2183,2418
Detergent,1,Denmark,9.44,0,2418,1.2,98.29,2747,2845
Detergent,2,Denmark,11.03,0,2845,1.0,108.44,3935,3067
Detergent,3,Denmark,9.74,0,3067,1.0,98.53,4455,3034
Detergent,4,Denmark,4.82,0,3034,1.0,93.09,3757,2820
Detergent,5,Denmark,5.04,0,2820,1.0,97.4,4116,2750
Detergent,6,Denmark,10.11,0,2750,0.9,99.01,3681,2449
Detergent,7,Denmark,10.2,0,2449,0.9,100.51,2767,2224
Detergent,8,Denmark,13.1,0,2224,0.9,109.65,2874,2180
Detergent,9,Denmark,12.44,0,2180,1.0,92.93,2785,2027
Detergent,10,Denmark,12.29,1,2027,1.0,100.09,2358,2440
Detergent,11,Denmark,4.37,1,2440,1.2,94.71,3184,3328
Detergent,12,Denmark,5.1,0,3328,1.2,107.39,4901,4282
Conditioner,1,Denmark,14.59,0,167,1.2,102.61,245,192
Conditioner,2,Denmark,4.17,0,192,1.0,98.98,214,184
Conditioner,3,Denmark,7.62,0,184,1.0,105.88,217,179
Conditioner,4,Denmark,12.77,1,179,1.0,97.8,216,215
Conditioner,5,Denmark,11.36,0,215,1.0,90.49,278,198
Conditioner,6,Denmark,6.28,0,198,0.9,100.8,222,186
Conditioner,7,Denmark,13.7,0,186,0.9,101.41,233,162
Conditioner,8,Denmark,3.73,1,162,0.9,105.0,224,174
Conditioner,9,Denmark,7.35,0,174,1.0,109.81,238,195
Conditioner,10,Denmark,9.49,1,195,1.0,102.2,272,243
Conditioner,11,Denmark,5.48,1,243,1.2,92.15,359,307
Conditioner,12,Denmark,6.38,0,307,1.2,105.28,359,382
Conditioner,1,Denmark,11.91,0,382,1.2,98.3,435,463
Conditioner,2,Denmark,13.35,0,463,1.0,97.22,639,456
Conditioner,3,Denmark,4.22,0,456,1.0,103.42,619,469
Conditioner,4,Denmark,8.01,0,469,1.0,107.27,591,493
Conditioner,5,Denmark,12.43,1,493,1.0,101.36,618,591
Conditioner,6,Denmark,8.48,0,591,0.9,94.45,754,498
Conditioner,7,Denmark,13.51,0,498,0.9,103.59,583,452
Conditioner,8,Denmark,13.5,0,452,0.9,100.12,602,416
Conditioner,9,Denmark,10.46,0,416,1.0,94.4,484,401
Conditioner,10,Denmark,8.34,0,401,1.0,98.68,582,386
Conditioner,11,Denmark,8.5,0,386,1.2,109.66,525,523
Conditioner,12,Denmark,14.58,0,523,1.2,106.51,710,664
Conditioner,1,Denmark,13.54,0,664,1.2,91.03,982,725
Conditioner,2,Denmark,12.8,1,725,1.0,99.12,835,858
Conditioner,3,Denmark,6.14,0,858,1.0,99.42,1137,844
Conditioner,4,Denmark,9.77,0,844,1.0,95.34,1196,801
Conditioner,5,Denmark,8.46,1,801,1.0,103.7,882,982
Conditioner,6,Denmark,7.16,1,982,0.9,90.7,1256,959
Conditioner,7,Denmark,14.5,0,959,0.9,99.82,1215,860
Conditioner,8,Denmark,12.84,1,860,0.9,98.88,1254,920
Conditioner,9,Denmark,12.5,0,920,1.0,95.43,1293,865
Conditioner,10,Denmark,5.64,0,865,1.0,97.69,992,833
Conditioner,11,Denmark,5.94,0,833,1.2,99.59,1247,996
Conditioner,12,Denmark,8.12,0,996,1.2,96.58,1312,1144
Conditioner,1,Denmark,9.91,1,1144,1.2,90.01,1594,1481
Conditioner,2,Denmark,11.13,0,1481,1.0,106.42,2127,1585
Conditioner,3,Denmark,8.48,0,1585,1.0,93.98,2165,1479
Conditioner,4,Denmark,11.88,1,1479,1.0,98.34,1687,1738
Conditioner,5,Denmark,10.14,0,1738,1.0,109.76,2273,1915
Conditioner,6,Denmark,4.11,0,1915,0.9,94.92,2695,1621
Conditioner,7,Denmark,12.92,0,1621,0.9,91.99,2014,1340
Conditioner,8,Denmark,14.0,0,1340,0.9,104.51,1926,1279
Conditioner,9,Denmark,9.15,1,1279,1.0,106.48,1525,1636
Conditioner,10,Denmark,9.32,0,1636,1.0,94.01,2316,1545
Conditioner,11,Denmark,11.29,0,1545,1.2,90.12,2272,1667
Conditioner,12,Denmark,14.48,0,1667,1.2,105.0,2022,2090
Conditioner,1,Denmark,8.64,0,2090,1.2,90.11,2756,2247
Conditioner,2,Denmark,5.39,1,2247,1.0,107.59,2474,2902
Conditioner,3,Denmark,6.65,1,2902,1.0,93.42,3875,3255
Conditioner,4,Denmark,12.98,1,3255,1.0,109.24,4036,4281
Conditioner,5,Denmark,10.06,0,4281,1.0,92.67,4896,3964
Conditioner,6,Denmark,7.49,1,3964,0.9,100.87,4888,4320
Conditioner,7,Denmark,14.54,0,4320,0.9,93.6,5001,3638
Conditioner,8,Denmark,7.68,1,3638,0.9,101.94,4528,3995
Conditioner,9,Denmark,10.36,0,3995,1.0,99.29,5393,3968
Conditioner,10,Denmark,11.51,0,3968,1.0,103.5,5890,4115
Conditioner,11,Denmark,8.52,0,4115,1.2,91.66,5211,4531
Conditioner,12,Denmark,7.84,0,4531,1.2,102.22,6352,5552
Shampoo,1,Finland,7.5,0,118,1.2,102.41,148,166
Shampoo,2,Finland,7.93,1,166,1.0,93.99,207,185
Shampoo,3,Finland,11.48,1,185,1.0,94.34,220,218
Shampoo,4,Finland,9.62,1,218,1.0,100.24,292,259
Shampoo,5,Finland,11.08,0,259,1.0,98.94,334,265
Shampoo,6,Finland,10.84,1,265,0.9,93.45,303,265
Shampoo,7,Finland,12.54,0,265,0.9,96.71,295,229
Shampoo,8,Finland,6.08,0,229,0.9,105.54,255,225
Shampoo,9,Finland,8.73,0,225,1.0,107.25,304,256
Shampoo,10,Finland,13.27,1,256,1.0,104.45,320,318
Shampoo,11,Finland,14.08,0,318,1.2,104.4,367,395
Shampoo,12,Finland,12.32,0,395,1.2,106.27,566,497
Shampoo,1,Finland,9.9,1,497,1.2,90.55,667,640
Shampoo,2,Finland,7.54,1,640,1.0,100.78,927,768
Shampoo,3,Finland,9.32,0,768,1.0,90.39,1042,689
Shampoo,4,Finland,5.05,0,689,1.0,102.46,949,712
Shampoo,5,Finland,7.94,1,712,1.0,97.77,784,839
Shampoo,6,Finland,7.61,0,839,0.9,103.51,1086,787
Shampoo,7,Finland,5.02,1,787,0.9,90.27,1115,772
Shampoo,8,Finland,11.84,1,772,0.9,107.41,1153,905
Shampoo,9,Finland,12.58,1,905,1.0,102.05,1192,1102
Shampoo,10,Finland,13.06,0,1102,1.0,94.3,1241,1040
Shampoo,11,Finland,5.93,0,1040,1.2,98.48,1187,1215
Shampoo,12,Finland,9.14,0,1215,1.2,106.78,1473,1543
Shampoo,1,Finland,7.35,0,1543,1.2,106.51,1888,1972
Shampoo,2,Finland,8.14,1,1972,1.0,93.14,2730,2202
Shampoo,3,Finland,12.52,0,2202,1.0,101.02,3059,2224
Shampoo,4,Finland,8.24,0,2224,1.0,91.29,2734,2035
Shampoo,5,Finland,6.86,0,2035,1.0,109.05,2977,2230
Shampoo,6,Finland,11.78,1,2230,0.9,94.71,2971,2281
Shampoo,7,Finland,8.63,0,2281,0.9,98.48,3218,2020
Shampoo,8,Finland,7.19,0,2020,0.9,108.41,2740,1965
Shampoo,9,Finland,8.0,0,1965,1.0,94.72,2735,1868
Shampoo,10,Finland,4.68,1,1868,1.0,93.52,2652,2091
Shampoo,11,Finland,7.59,0,2091,1.2,94.06,2508,2357
Shampoo,12,Finland,9.32,0,2357,1.2,96.01,2914,2720
Shampoo,1,Finland,7.21,0,2720,1.2,106.72,3992,3483
Shampoo,2,Finland,5.38,0,3483,1.0,108.99,4423,3796
Shampoo,3,Finland,11.47,0,3796,1.0,92.49,5379,3504
Shampoo,4,Finland,11.56,1,3504,1.0,97.53,4389,4103
Shampoo,5,Finland,4.62,0,4103,1.0,99.86,5407,4114
Shampoo,6,Finland,6.83,0,4114,0.9,101.06,4785,3731
Shampoo,7,Finland,12.32,0,3731,0.9,103.96,4358,3482
Shampoo,8,Finland,8.56,1,3482,0.9,92.68,4815,3491
Shampoo,9,Finland,5.34,1,3491,1.0,97.27,5039,4076
Shampoo,10,Finland,9.49,0,4076,1.0,93.84,5420,3835
Shampoo,11,Finland,8.43,0,3835,1.2,104.18,5384,4788
Shampoo,12,Finland,8.48,0,4788,1.2,109.65,6766,6307
Shampoo,1,Finland,8.57,0,6307,1.2,92.48,7278,7001
Shampoo,2,Finland,4.15,0,7001,1.0,109.41,9455,7652
Shampoo,3,Finland,4.14,1,7652,1.0,107.19,9527,9837
Shampoo,4,Finland,10.04,0,9837,1.0,102.48,11138,10081
Shampoo,5,Finland,11.71,1,10081,1.0,104.56,11764,12641
Shampoo,6,Finland,11.42,0,12641,0.9,92.07,16599,10483
Shampoo,7,Finland,14.51,0,10483,0.9,91.99,13602,8684
Shampoo,8,Finland,9.71,0,8684,0.9,106.07,11972,8286
Shampoo,9,Finland,9.25,1,8286,1.0,90.47,9645,8994
Shampoo,10,Finland,11.66,1,8994,1.0,91.98,12638,9934
Shampoo,11,Finland,4.14,0,9934,1.2,105.88,11628,12621
Shampoo,12,Finland,8.9,0,12621,1.2,101.0,14519,15312
Soap,1,Finland,4.64,0,95,1.2,107.06,133,126
Soap,2,Finland,9.48,0,126,1.0,92.18,146,109
Soap,3,Finland,4.7,1,109,1.0,105.39,138,129
Soap,4,Finland,9.37,0,129,1.0,104.63,167,143
Soap,5,Finland,7.78,1,143,1.0,104.09,190,175
Soap,6,Finland,8.19,0,175,0.9,91.51,208,145
Soap,7,Finland,12.9,1,145,0.9,98.92,164,132
Soap,8,Finland,9.33,0,132,0.9,102.92,182,122
Soap,9,Finland,9.3,0,122,1.0,97.37,146,107
Soap,10,Finland,4.09,0,107,1.0,94.13,142,89
Soap,11,Finland,8.81,1,89,1.2,105.43,104,145
Soap,12,Finland,4.75,1,145,1.2,102.22,193,210
Soap,1,Finland,13.68,0,210,1.2,107.44,247,267
Soap,2,Finland,13.4,1,267,1.0,108.2,305,363
Soap,3,Finland,12.49,0,363,1.0,98.17,472,364
Soap,4,Finland,13.24,0,364,1.0,91.16,484,344
Soap,5,Finland,6.53,0,344,1.0,92.89,406,329
Soap,6,Finland,11.46,0,329,0.9,107.27,464,324
Soap,7,Finland,12.14,0,324,0.9,100.83,362,306
Soap,8,Finland,11.79,0,306,0.9,90.18,413,242
Soap,9,Finland,3.8,1,242,1.0,95.95,349,271
Soap,10,Finland,8.33,0,271,1.0,108.32,319,282
Soap,11,Finland,11.27,0,282,1.2,99.48,374,322
Soap,12,Finland,7.73,1,322,1.2,106.91,418,496
Soap,1,Finland,11.95,0,496,1.2,96.49,663,562
Soap,2,Finland,14.12,0,562,1.0,95.1,716,525
Soap,3,Finland,5.19,0,525,1.0,97.62,758,510
Soap,4,Finland,13.17,0,510,1.0,91.36,718,444
Soap,5,Finland,10.38,0,444,1.0,94.61,592,419
Soap,6,Finland,7.68,0,419,0.9,99.02,539,373
Soap,7,Finland,7.44,1,373,0.9,107.51,495,449
Soap,8,Finland,6.55,0,449,0.9,107.31,631,435
Soap,9,Finland,6.33,1,435,1.0,91.57,494,478
Soap,10,Finland,7.06,1,478,1.0,99.2,626,581
Soap,11,Finland,12.46,0,581,1.2,102.29,693,711
Soap,12,Finland,11.56,0,711,1.2,109.34,1061,934
Soap,1,Finland,6.83,0,934,1.2,90.47,1165,1021
Soap,2,Finland,5.4,0,1021,1.0,94.46,1187,958
Soap,3,Finland,14.17,0,958,1.0,90.34,1398,873
Soap,4,Finland,12.69,1,873,1.0,109.35,1227,1134
Soap,5,Finland,5.96,1,1134,1.0,97.95,1399,1338
Soap,6,Finland,14.43,0,1338,0.9,106.57,1554,1288
Soap,7,Finland,5.27,0,1288,0.9,108.27,1842,1251
Soap,8,Finland,11.27,0,1251,0.9,94.93,1722,1067
Soap,9,Finland,9.18,0,1067,1.0,94.56,1413,1022
Soap,10,Finland,10.31,0,1022,1.0,101.4,1374,1035
Soap,11,Finland,13.84,0,1035,1.2,98.25,1449,1224
Soap,12,Finland,5.86,0,1224,1.2,104.69,1562,1538
Soap,1,Finland,12.82,0,1538,1.2,105.41,1951,1940
Soap,2,Finland,8.52,0,1940,1.0,102.43,2873,1982
Soap,3,Finland,13.67,0,1982,1.0,94.45,2615,1875
Soap,4,Finland,8.66,0,1875,1.0,97.28,2514,1835
Soap,5,Finland,3.63,1,1835,1.0,105.61,2200,2315
Soap,6,Finland,6.16,0,2315,0.9,98.27,2644,2060
Soap,7,Finland,12.24,0,2060,0.9,91.03,2815,1692
Soap,8,Finland,7.55,0,1692,0.9,98.59,1943,1499
Soap,9,Finland,13.73,0,1499,1.0,106.93,2030,1605
Soap,10,Finland,14.13,0,1605,1.0,92.89,2101,1495
Soap,11,Finland,9.51,0,1495,1.2,102.21,2066,1824
Soap,12,Finland,5.11,1,1824,1.2,99.04,2280,2600
Toothpaste,1,Finland,4.98,0,117,1.2,107.07,174,150
Toothpaste,2,Finland,8.68,0,150,1.0,109.75,185,151
Toothpaste,3,Finland,11.87,0,151,1.0,95.2,184,150
Toothpaste,4,Finland,12.45,0,150,1.0,105.83,181,153
Toothpaste,5,Finland,6.47,0,153,1.0,103.1,206,153
Toothpaste,6,Finland,12.49,0,153,0.9,92.95,183,127
Toothpaste,7,Finland,8.09,0,127,0.9,108.38,186,127
Toothpaste,8,Finland,5.56,0,127,0.9,92.75,148,108
Toothpaste,9,Finland,4.29,1,108,1.0,107.85,131,140
Toothpaste,10,Finland,7.5,0,140,1.0,107.06,197,152
Toothpaste,11,Finland,12.02,0,152,1.2,94.85,210,167
Toothpaste,12,Finland,7.32,0,167,1.2,108.67,194,219
Toothpaste,1,Finland,8.48,1,219,1.2,109.32,328,349
Toothpaste,2,Finland,8.48,1,349,1.0,105.84,427,438
Toothpaste,3,Finland,10.9,1,438,1.0,100.81,644,530
Toothpaste,4,Finland,10.61,1,530,1.0,108.67,707,695
Toothpaste,5,Finland,11.67,1,695,1.0,99.12,905,825
Toothpaste,6,Finland,8.69,1,825,0.9,95.27,1027,838
Toothpaste,7,Finland,5.23,0,838,0.9,101.46,1114,776
Toothpaste,8,Finland,8.94,0,776,0.9,100.08,875,708
Toothpaste,9,Finland,4.47,0,708,1.0,98.28,906,695
Toothpaste,10,Finland,5.46,0,695,1.0,93.69,985,663
Toothpaste,11,Finland,13.22,0,663,1.2,99.68,877,798
Toothpaste,12,Finland,14.89,0,798,1.2,100.5,918,960
Toothpaste,1,Finland,9.44,0,960,1.2,91.09,1272,1043
Toothpaste,2,Finland,7.02,1,1043,1.0,103.39,1442,1285
Toothpaste,3,Finland,8.96,1,1285,1.0,96.01,1919,1479
Toothpaste,4,Finland,4.53,0,1479,1.0,94.44,2154,1389
Toothpaste,5,Finland,11.59,0,1389,1.0,93.55,1871,1293
Toothpaste,6,Finland,8.11,0,1293,0.9,95.16,1613,1110
Toothpaste,7,Finland,9.32,0,1110,0.9,106.97,1505,1057
Toothpaste,8,Finland,7.93,1,1057,0.9,99.41,1560,1121
Toothpaste,9,Finland,12.37,1,1121,1.0,102.87,1585,1384
Toothpaste,10,Finland,12.03,0,1384,1.0,108.04,1796,1499
Toothpaste,11,Finland,7.37,1,1499,1.2,90.31,2125,1952
Toothpaste,12,Finland,11.56,0,1952,1.2,91.87,2638,2139
Toothpaste,1,Finland,6.08,0,2139,1.2,104.23,2829,2669
Toothpaste,2,Finland,5.4,1,2669,1.0,107.42,3470,3435
Toothpaste,3,Finland,14.67,0,3435,1.0,103.07,4784,3528
Toothpaste,4,Finland,14.81,0,3528,1.0,92.57,3978,3266
Toothpaste,5,Finland,4.63,0,3266,1.0,109.99,4257,3593
Toothpaste,6,Finland,11.06,0,3593,0.9,95.54,4641,3087
Toothpaste,7,Finland,13.13,1,3087,0.9,94.37,3685,3133
Toothpaste,8,Finland,7.93,0,3133,0.9,108.63,4496,3078
Toothpaste,9,Finland,13.62,0,3078,1.0,105.58,3817,3243
Toothpaste,10,Finland,4.56,0,3243,1.0,109.48,3732,3558
Toothpaste,11,Finland,10.53,1,3558,1.2,108.1,4039,5549
Toothpaste,12,Finland,5.83,0,5549,1.2,95.81,7933,6376
Toothpaste,1,Finland,12.99,0,6376,1.2,100.76,9499,7712
Toothpaste,2,Finland,7.9,0,7712,1.0,100.02,8771,7702
Toothpaste,3,Finland,11.43,0,7702,1.0,94.82,10833,7300
Toothpaste,4,Finland,12.62,0,7300,1.0,107.15,8313,7825
Toothpaste,5,Finland,13.49,0,7825,1.0,108.91,10112,8522
Toothpaste,6,Finland,12.41,0,8522,0.9,91.86,9525,7051
Toothpaste,7,Finland,3.93,1,7051,0.9,108.43,8152,8253
Toothpaste,8,Finland,9.41,0,8253,0.9,103.48,11190,7693
Toothpaste,9,Finland,7.9,1,7693,1.0,105.77,10894,9756
Toothpaste,10,Finland,10.92,1,9756,1.0,100.37,11307,11753
Toothpaste,11,Finland,10.55,0,11753,1.2,93.56,17262,13190
Toothpaste,12,Finland,8.6,0,13190,1.2,105.17,19390,16632
Lotion,1,Finland,8.74,0,196,1.2,105.76,216,254
Lotion,2,Finland,11.82,0,254,1.0,104.89,343,245
Lotion,3,Finland,12.43,1,245,1.0,105.72,287,304
Lotion,4,Finland,14.12,0,304,1.0,101.11,423,299
Lotion,5,Finland,7.75,0,299,1.0,92.42,408,286
Lotion,6,Finland,6.93,1,286,0.9,96.3,390,304
Lotion,7,Finland,12.84,0,304,0.9,90.24,452,238
Lotion,8,Finland,4.63,1,238,0.9,105.89,326,262
Lotion,9,Finland,7.98,1,262,1.0,106.56,385,331
Lotion,10,Finland,10.38,1,331,1.0,99.22,490,385
Lotion,11,Finland,9.77,1,385,1.2,94.59,490,536
Lotion,12,Finland,7.27,0,536,1.2,99.3,613,624
Lotion,1,Finland,5.81,0,624,1.2,93.11,853,711
Lotion,2,Finland,14.99,0,711,1.0,97.28,1023,694
Lotion,3,Finland,6.19,1,694,1.0,102.42,980,857
Lotion,4,Finland,6.11,0,857,1.0,104.71,965,898
Lotion,5,Finland,12.41,0,898,1.0,97.6,994,863
Lotion,6,Finland,7.88,1,863,0.9,110.0,1085,1031
Lotion,7,Finland,8.72,1,1031,0.9,96.93,1140,1079
Lotion,8,Finland,9.77,0,1079,0.9,106.85,1431,1029
Lotion,9,Finland,6.33,0,1029,1.0,94.86,1455,984
Lotion,10,Finland,9.8,0,984,1.0,100.13,1333,993
Lotion,11,Finland,5.46,1,993,1.2,103.83,1164,1493
Lotion,12,Finland,5.94,1,1493,1.2,103.41,2111,2230
Lotion,1,Finland,8.59,0,2230,1.2,103.61,3098,2768
Lotion,2,Finland,12.35,0,2768,1.0,97.2,3059,2694
Lotion,3,Finland,4.92,0,2694,1.0,105.53,3163,2851
Lotion,4,Finland,7.8,0,2851,1.0,108.38,3426,3097
Lotion,5,Finland,8.93,1,3097,1.0,104.77,4612,3874
Lotion,6,Finland,10.46,0,3874,0.9,96.7,4536,3370
Lotion,7,Finland,5.09,1,3370,0.9,104.32,4108,3791
Lotion,8,Finland,6.97,0,3791,0.9,105.89,4322,3624
Lotion,9,Finland,9.42,1,3624,1.0,95.43,4738,4149
Lotion,10,Finland,8.09,0,4149,1.0,90.19,5798,3745
Lotion,11,Finland,5.16,1,3745,1.2,94.15,4473,5078
Lotion,12,Finland,11.81,1,5078,1.2,107.44,6956,7866
Lotion,1,Finland,4.47,0,7866,1.2,105.22,8673,9946
Lotion,2,Finland,4.13,1,9946,1.0,96.87,13864,11561
Lotion,3,Finland,12.65,0,11561,1.0,104.67,15302,12102
Lotion,4,Finland,4.46,0,12102,1.0,94.03,16812,11390
Lotion,5,Finland,13.56,0,11390,1.0,96.26,15231,10955
Lotion,6,Finland,5.82,1,10955,0.9,103.25,16354,12207
Lotion,7,Finland,13.47,0,12207,0.9,102.07,15043,11208
Lotion,8,Finland,8.07,0,11208,0.9,99.85,15945,10078
Lotion,9,Finland,12.04,0,10078,1.0,101.46,14806,10225
Lotion,10,Finland,5.31,0,10225,1.0,108.28,14333,11066
Lotion,11,Finland,12.59,0,11066,1.2,91.02,16208,12096
Lotion,12,Finland,4.24,0,12096,1.2,104.72,15779,15188
Lotion,1,Finland,6.81,1,15188,1.2,102.39,21214,22387
Lotion,2,Finland,12.57,1,22387,1.0,109.21,25075,29337
Lotion,3,Finland,10.25,0,29337,1.0,101.98,34951,29932
Lotion,4,Finland,5.98,0,29932,1.0,102.65,33906,30719
Lotion,5,Finland,14.67,0,30719,1.0,109.93,36591,33773
Lotion,6,Finland,10.11,0,33773,0.9,96.11,37821,29212
Lotion,7,Finland,13.15,0,29212,0.9,106.98,41188,28116
Lotion,8,Finland,5.84,0,28116,0.9,109.93,36155,27821
Lotion,9,Finland,4.07,1,27821,1.0,109.07,31559,36410
Lotion,10,Finland,10.81,0,36410,1.0,106.79,46365,38878
Lotion,11,Finland,4.34,0,38878,1.2,100.42,54041,46838
Lotion,12,Finland,8.66,1,46838,1.2,99.4,67228,67042
Detergent,1,Finland,8.44,0,178,1.2,106.26,205,239
Detergent,2,Finland,9.02,1,239,1.0,100.42,339,283
Detergent,3,Finland,11.25,0,283,1.0,100.9,345,276
Detergent,4,Finland,9.72,0,276,1.0,95.56,321,250
Detergent,5,Finland,10.06,0,250,1.0,105.58,293,249
Detergent,6,Finland,10.05,0,249,0.9,105.7,293,235
Detergent,7,Finland,13.06,0,235,0.9,99.47,346,211
Detergent,8,Finland,8.34,0,211,0.9,90.89,264,175
Detergent,9,Finland,5.5,0,175,1.0,90.55,193,157
Detergent,10,Finland,9.36,0,157,1.0,108.52,197,171
Detergent,11,Finland,4.21,0,171,1.2,107.29,207,232
Detergent,12,Finland,11.17,0,232,1.2,97.74,322,282
Detergent,1,Finland,14.29,0,282,1.2,103.5,314,359
Detergent,2,Finland,14.1,0,359,1.0,105.08,439,385
Detergent,3,Finland,11.44,0,385,1.0,108.27,475,422
Detergent,4,Finland,12.66,1,422,1.0,102.75,608,508
Detergent,5,Finland,12.94,1,508,1.0,90.83,599,551
Detergent,6,Finland,12.83,0,551,0.9,98.16,655,488
Detergent,7,Finland,8.14,1,488,0.9,96.56,543,501
Detergent,8,Finland,11.35,0,501,0.9,91.8,633,427
Detergent,9,Finland,12.96,0,427,1.0,108.93,483,462
Detergent,10,Finland,4.13,1,462,1.0,94.89,648,513
Detergent,11,Finland,4.31,0,513,1.2,100.18,746,613
Detergent,12,Finland,9.21,0,613,1.2,103.33,693,763
Detergent,1,Finland,11.61,1,763,1.2,90.67,840,989
Detergent,2,Finland,8.29,1,989,1.0,103.78,1427,1230
Detergent,3,Finland,4.18,1,1230,1.0,108.36,1451,1586
Detergent,4,Finland,10.27,0,1586,1.0,91.85,2019,1453
Detergent,5,Finland,5.61,1,1453,1.0,91.18,2075,1589
Detergent,6,Finland,7.12,0,1589,0.9,100.47,2024,1436
Detergent,7,Finland,14.06,0,1436,0.9,105.65,1877,1371
Detergent,8,Finland,14.18,0,1371,0.9,98.69,1571,1209
Detergent,9,Finland,10.01,0,1209,1.0,91.71,1356,1111
Detergent,10,Finland,4.33,0,1111,1.0,107.78,1357,1201
Detergent,11,Finland,6.99,0,1201,1.2,100.32,1617,1440
Detergent,12,Finland,14.78,0,1440,1.2,103.83,2103,1787
Detergent,1,Finland,13.43,0,1787,1.2,104.68,2644,2258
Detergent,2,Finland,12.26,0,2258,1.0,104.9,3244,2366
Detergent,3,Finland,7.6,0,2366,1.0,100.48,2996,2380
Detergent,4,Finland,5.75,1,2380,1.0,105.46,3299,3015
Detergent,5,Finland,7.91,1,3015,1.0,90.99,4353,3280
Detergent,6,Finland,10.76,0,3280,0.9,109.11,4797,3222
Detergent,7,Finland,5.97,1,3222,0.9,104.03,3884,3621
Detergent,8,Finland,4.82,0,3621,0.9,108.58,3998,3552
Detergent,9,Finland,4.1,0,3552,1.0,92.07,4468,3271
Detergent,10,Finland,4.51,0,3271,1.0,105.17,3686,3446
Detergent,11,Finland,10.8,0,3446,1.2,96.66,4679,4003
Detergent,12,Finland,7.84,0,4003,1.2,109.45,5602,5255
Detergent,1,Finland,11.45,1,5255,1.2,94.55,7350,7171
Detergent,2,Finland,8.33,0,7171,1.0,95.85,10256,6867
Detergent,3,Finland,13.47,1,6867,1.0,101.78,9387,8374
Detergent,4,Finland,7.74,0,8374,1.0,92.48,11893,7727
Detergent,5,Finland,11.59,1,7727,1.0,99.4,10616,9212
Detergent,6,Finland,9.8,0,9212,0.9,100.2,12963,8293
Detergent,7,Finland,10.4,0,8293,0.9,109.82,9854,8191
Detergent,8,Finland,4.94,0,8191,0.9,104.45,10567,7699
Detergent,9,Finland,10.72,1,7699,1.0,107.46,8786,9930
Detergent,10,Finland,5.67,0,9930,1.0,94.06,11650,9337
Detergent,11,Finland,9.48,0,9337,1.2,91.27,11977,10220
Detergent,12,Finland,9.95,0,10220,1.2,95.51,12463,11709
Conditioner,1,Finland,13.76,0,92,1.2,95.68,119,109
Conditioner,2,Finland,8.95,1,109,1.0,95.82,148,117
Conditioner,3,Finland,12.34,1,117,1.0,109.49,136,148
Conditioner,4,Finland,8.39,0,148,1.0,95.24,182,143
Conditioner,5,Finland,12.8,0,143,1.0,100.81,190,144
Conditioner,6,Finland,12.77,0,144,0.9,94.6,180,109
Conditioner,7,Finland,7.79,0,109,0.9,105.95,128,112
Conditioner,8,Finland,6.16,1,112,0.9,106.83,154,125
Conditioner,9,Finland,14.41,0,125,1.0,100.11,154,115
Conditioner,10,Finland,7.99,0,115,1.0,101.81,140,106
Conditioner,11,Finland,9.98,1,106,1.2,108.22,130,173
Conditioner,12,Finland,9.38,0,173,1.2,104.03,231,198
Conditioner,1,Finland,4.64,0,198,1.2,91.26,273,220
Conditioner,2,Finland,3.66,1,220,1.0,105.41,328,285
Conditioner,3,Finland,8.22,1,285,1.0,99.28,360,336
Conditioner,4,Finland,8.0,0,336,1.0,92.55,416,323
Conditioner,5,Finland,7.82,0,323,1.0,95.12,413,299
Conditioner,6,Finland,10.38,0,299,0.9,98.28,415,268
Conditioner,7,Finland,11.74,0,268,0.9,100.21,383,242
Conditioner,8,Finland,7.61,0,242,0.9,105.2,270,243
Conditioner,9,Finland,8.62,0,243,1.0,95.22,300,229
Conditioner,10,Finland,5.78,0,229,1.0,90.41,286,210
Conditioner,11,Finland,4.8,0,210,1.2,109.26,294,276
Conditioner,12,Finland,12.47,0,276,1.2,97.58,346,310
Conditioner,1,Finland,14.83,0,310,1.2,103.5,437,383
Conditioner,2,Finland,5.15,0,383,1.0,92.36,518,348
Conditioner,3,Finland,5.29,0,348,1.0,109.17,505,380
Conditioner,4,Finland,12.63,0,380,1.0,96.14,519,368
Conditioner,5,Finland,5.47,0,368,1.0,102.73,536,388
Conditioner,6,Finland,11.22,0,388,0.9,102.83,525,340
Conditioner,7,Finland,7.47,1,340,0.9,109.98,424,403
Conditioner,8,Finland,10.27,0,403,0.9,104.55,543,368
Conditioner,9,Finland,12.4,1,368,1.0,105.99,535,472
Conditioner,10,Finland,14.15,0,472,1.0,103.87,596,508
Conditioner,11,Finland,12.29,0,508,1.2,105.35,609,639
Conditioner,12,Finland,10.95,0,639,1.2,100.5,814,764
Conditioner,1,Finland,14.36,0,764,1.2,93.12,940,849
Conditioner,2,Finland,5.1,1,849,1.0,105.65,1129,1066
Conditioner,3,Finland,7.86,0,1066,1.0,107.8,1553,1127
Conditioner,4,Finland,9.9,0,1127,1.0,106.93,1676,1207
Conditioner,5,Finland,9.33,1,1207,1.0,108.95,1612,1577
Conditioner,6,Finland,13.21,0,1577,0.9,106.15,2323,1500
Conditioner,7,Finland,12.41,0,1500,0.9,93.21,1802,1249
Conditioner,8,Finland,7.6,0,1249,0.9,104.67,1538,1183
Conditioner,9,Finland,6.97,1,1183,1.0,97.26,1496,1390
Conditioner,10,Finland,9.1,1,1390,1.0,105.43,1871,1759
Conditioner,11,Finland,9.35,1,1759,1.2,101.49,2002,2554
Conditioner,12,Finland,12.28,1,2554,1.2,91.59,2935,3366
Conditioner,1,Finland,8.44,0,3366,1.2,105.58,3705,4267
Conditioner,2,Finland,7.09,1,4267,1.0,94.28,5201,4825
Conditioner,3,Finland,8.01,0,4825,1.0,102.63,6239,4950
Conditioner,4,Finland,3.97,1,4950,1.0,105.25,6019,6246
Conditioner,5,Finland,12.2,1,6246,1.0,105.35,8849,7893
Conditioner,6,Finland,8.03,0,7893,0.9,92.07,9523,6547
Conditioner,7,Finland,4.02,1,6547,0.9,97.38,7252,6887
Conditioner,8,Finland,4.59,0,6887,0.9,97.59,9173,6044
Conditioner,9,Finland,5.22,0,6044,1.0,104.89,6655,6337
Conditioner,10,Finland,4.15,1,6337,1.0,92.36,9465,7034
Conditioner,11,Finland,6.61,0,7034,1.2,108.2,10398,9124
Conditioner,12,Finland,11.66,0,9124,1.2,98.75,10357,10806
Shampoo,1,Iceland,5.59,0,81,1.2,97.12,118,92
Shampoo,2,Iceland,9.05,0,92,1.0,95.05,119,82
Shampoo,3,Iceland,7.27,1,82,1.0,91.93,97,100
Shampoo,4,Iceland,7.06,0,100,1.0,94.22,113,101
Shampoo,5,Iceland,6.89,0,101,1.0,92.56,132,91
Shampoo,6,Iceland,4.01,0,91,0.9,106.46,129,104
Shampoo,7,Iceland,12.36,1,104,0.9,103.43,148,118
Shampoo,8,Iceland,8.73,0,118,0.9,105.36,138,123
Shampoo,9,Iceland,9.91,1,123,1.0,94.39,181,150
Shampoo,10,Iceland,8.54,1,150,1.0,107.37,173,196
Shampoo,11,Iceland,5.45,1,196,1.2,90.89,239,247
Shampoo,12,Iceland,6.17,0,247,1.2,104.86,324,311
Shampoo,1,Iceland,7.37,0,311,1.2,107.65,417,395
Shampoo,2,Iceland,9.98,0,395,1.0,107.26,441,427
Shampoo,3,Iceland,6.49,1,427,1.0,106.57,606,548
Shampoo,4,Iceland,3.65,1,548,1.0,104.03,612,685
Shampoo,5,Iceland,6.49,0,685,1.0,98.49,910,680
Shampoo,6,Iceland,7.23,0,680,0.9,96.57,1000,593
Shampoo,7,Iceland,14.66,0,593,0.9,92.45,880,492
Shampoo,8,Iceland,5.75,1,492,0.9,92.51,624,481
Shampoo,9,Iceland,11.56,0,481,1.0,94.29,590,448
Shampoo,10,Iceland,10.52,0,448,1.0,106.58,535,469
Shampoo,11,Iceland,7.51,0,469,1.2,105.12,674,598
Shampoo,12,Iceland,14.75,0,598,1.2,104.37,885,747
Shampoo,1,Iceland,14.07,0,747,1.2,93.45,1096,839
Shampoo,2,Iceland,13.15,0,839,1.0,107.49,998,898
Shampoo,3,Iceland,12.01,1,898,1.0,107.91,1067,1171
Shampoo,4,Iceland,10.41,0,1171,1.0,104.66,1594,1230
Shampoo,5,Iceland,9.81,0,1230,1.0,105.28,1542,1295
Shampoo,6,Iceland,12.75,0,1295,0.9,93.14,1625,1085
Shampoo,7,Iceland,9.04,0,1085,0.9,102.39,1445,993
Shampoo,8,Iceland,10.89,0,993,0.9,106.32,1195,945
Shampoo,9,Iceland,8.74,0,945,1.0,92.5,1326,861
Shampoo,10,Iceland,11.51,0,861,1.0,93.11,1285,806
Shampoo,11,Iceland,6.12,1,806,1.2,91.28,1062,1065
Shampoo,12,Iceland,13.31,0,1065,1.2,108.09,1524,1387
Shampoo,1,Iceland,11.79,0,1387,1.2,108.41,1850,1796
Shampoo,2,Iceland,8.35,0,1796,1.0,107.34,2330,1939
Shampoo,3,Iceland,9.51,0,1939,1.0,99.9,2378,1934
Shampoo,4,Iceland,7.94,0,1934,1.0,94.37,2508,1829
Shampoo,5,Iceland,10.19,0,1829,1.0,103.39,2309,1881
Shampoo,6,Iceland,5.24,1,1881,0.9,92.89,2159,1896
Shampoo,7,Iceland,5.17,1,1896,0.9,105.13,2429,2158
Shampoo,8,Iceland,3.89,1,2158,0.9,91.98,2565,2141
Shampoo,9,Iceland,5.76,1,2141,1.0,90.07,2551,2310
Shampoo,10,Iceland,8.11,0,2310,1.0,104.74,2585,2424
Shampoo,11,Iceland,13.86,0,2424,1.2,92.45,3322,2698
Shampoo,12,Iceland,9.65,1,2698,1.2,99.13,3821,3844
Shampoo,1,Iceland,10.93,1,3844,1.2,94.79,4392,5246
Shampoo,2,Iceland,6.76,0,5246,1.0,98.14,7794,5144
Shampoo,3,Iceland,4.93,0,5144,1.0,98.95,6203,5099
Shampoo,4,Iceland,4.25,0,5099,1.0,104.32,6598,5314
Shampoo,5,Iceland,8.74,0,5314,1.0,104.61,7082,5549
Shampoo,6,Iceland,14.13,0,5549,0.9,97.61,8218,4880
Shampoo,7,Iceland,8.64,1,4880,0.9,91.95,5847,4856
Shampoo,8,Iceland,8.58,0,4856,0.9,106.79,7007,4672
Shampoo,9,Iceland,10.49,1,4672,1.0,97.13,6343,5454
Shampoo,10,Iceland,8.82,0,5454,1.0,100.02,7560,5471
Shampoo,11,Iceland,7.79,1,5471,1.2,101.93,7723,8043
Shampoo,12,Iceland,7.28,1,8043,1.2,91.67,9196,10631
Soap,1,Iceland,5.66,1,166,1.2,98.42,217,249
Soap,2,Iceland,14.9,0,249,1.0,107.81,367,264
Soap,3,Iceland,8.95,0,264,1.0,90.44,329,244
Soap,4,Iceland,9.1,1,244,1.0,103.8,311,305
Soap,5,Iceland,13.99,0,305,1.0,104.69,340,307
Soap,6,Iceland,7.28,1,307,0.9,91.12,455,303
Soap,7,Iceland,10.07,1,303,0.9,95.42,377,321
Soap,8,Iceland,12.14,1,321,0.9,103.66,433,363
Soap,9,Iceland,9.67,0,363,1.0,90.18,457,326
Soap,10,Iceland,4.21,0,326,1.0,108.21,430,347
Soap,11,Iceland,14.42,0,347,1.2,96.05,409,404
Soap,12,Iceland,8.0,0,404,1.2,102.09,591,493
Soap,1,Iceland,14.7,0,493,1.2,101.82,643,611
Soap,2,Iceland,12.3,0,611,1.0,93.52,883,580
Soap,3,Iceland,6.12,0,580,1.0,102.5,734,597
Soap,4,Iceland,4.82,0,597,1.0,97.04,756,571
Soap,5,Iceland,9.46,0,571,1.0,91.3,823,518
Soap,6,Iceland,12.46,0,518,0.9,104.18,636,500
Soap,7,Iceland,4.25,1,500,0.9,93.68,555,510
Soap,8,Iceland,11.85,0,510,0.9,99.17,713,465
Soap,9,Iceland,5.85,1,465,1.0,108.83,681,599
Soap,10,Iceland,9.46,0,599,1.0,109.12,715,678
Soap,11,Iceland,4.06,0,678,1.2,104.22,783,834
Soap,12,Iceland,6.36,1,834,1.2,98.55,988,1187
Soap,1,Iceland,11.54,0,1187,1.2,100.56,1532,1418
Soap,2,Iceland,10.24,0,1418,1.0,91.23,1993,1302
Soap,3,Iceland,12.74,0,1302,1.0,108.7,1549,1408
Soap,4,Iceland,12.95,0,1408,1.0,102.08,1603,1436
Soap,5,Iceland,4.69,1,1436,1.0,98.15,2085,1693
Soap,6,Iceland,7.86,0,1693,0.9,98.22,2063,1502
Soap,7,Iceland,11.67,1,1502,0.9,102.43,2076,1660
Soap,8,Iceland,9.85,1,1660,0.9,101.7,1935,1824
Soap,9,Iceland,4.83,0,1824,1.0,92.95,2136,1697
Soap,10,Iceland,7.44,0,1697,1.0,98.62,1954,1674
Soap,11,Iceland,9.93,1,1674,1.2,104.31,2422,2512
Soap,12,Iceland,12.76,0,2512,1.2,94.81,2794,2854
Soap,1,Iceland,4.13,1,2854,1.2,90.34,3155,3715
Soap,2,Iceland,7.55,1,3715,1.0,102.64,4939,4578
Soap,3,Iceland,9.98,0,4578,1.0,101.67,5044,4649
Soap,4,Iceland,4.84,0,4649,1.0,92.7,5765,4308
Soap,5,Iceland,13.73,0,4308,1.0,108.55,5659,4662
Soap,6,Iceland,11.01,0,4662,0.9,98.87,6586,4146
Soap,7,Iceland,6.88,0,4146,0.9,91.54,5619,3402
Soap,8,Iceland,11.84,1,3402,0.9,100.03,4369,3671
Soap,9,Iceland,5.34,0,3671,1.0,91.09,5317,3335
Soap,10,Iceland,5.72,0,3335,1.0,101.41,3896,3375
Soap,11,Iceland,5.21,0,3375,1.2,92.08,4302,3740
Soap,12,Iceland,5.57,0,3740,1.2,96.79,5498,4334
Soap,1,Iceland,8.66,0,4334,1.2,103.09,5618,5358
Soap,2,Iceland,4.95,0,5358,1.0,95.61,5960,5125
Soap,3,Iceland,8.46,1,5125,1.0,93.81,7497,5753
Soap,4,Iceland,10.69,0,5753,1.0,105.35,7749,6059
Soap,5,Iceland,6.66,1,6059,1.0,107.35,7941,7807
Soap,6,Iceland,11.49,0,7807,0.9,102.12,10216,7166
Soap,7,Iceland,9.53,0,7166,0.9,102.78,10150,6617
Soap,8,Iceland,7.85,0,6617,0.9,101.78,9223,6067
Soap,9,Iceland,8.11,0,6067,1.0,104.09,6905,6300
Soap,10,Iceland,6.88,1,6300,1.0,101.05,9227,7636
Soap,11,Iceland,6.92,0,7636,1.2,91.09,11008,8337
Soap,12,Iceland,6.33,1,8337,1.2,92.31,9929,11063
Toothpaste,1,Iceland,7.46,0,119,1.2,105.21,164,159
Toothpaste,2,Iceland,11.24,1,159,1.0,100.72,206,197
Toothpaste,3,Iceland,8.15,0,197,1.0,109.77,283,226
Toothpaste,4,Iceland,13.06,1,226,1.0,108.1,258,294
Toothpaste,5,Iceland,10.76,1,294,1.0,92.56,370,317
Toothpaste,6,Iceland,4.5,0,317,0.9,105.76,441,297
Toothpaste,7,Iceland,10.21,1,297,0.9,94.98,439,278
Toothpaste,8,Iceland,9.03,1,278,0.9,94.87,405,273
Toothpaste,9,Iceland,10.91,0,273,1.0,103.53,339,280
Toothpaste,10,Iceland,11.13,0,280,1.0,103.96,404,299
Toothpaste,11,Iceland,12.75,0,299,1.2,106.48,414,378
Toothpaste,12,Iceland,8.56,0,378,1.2,92.7,523,423
Toothpaste,1,Iceland,8.3,1,423,1.2,92.98,556,568
Toothpaste,2,Iceland,5.1,0,568,1.0,91.58,685,510
Toothpaste,3,Iceland,10.63,0,510,1.0,91.18,693,455
Toothpaste,4,Iceland,5.87,0,455,1.0,106.24,609,488
Toothpaste,5,Iceland,10.63,0,488,1.0,98.22,593,472
Toothpaste,6,Iceland,8.76,0,472,0.9,106.05,612,453
Toothpaste,7,Iceland,6.84,0,453,0.9,92.83,510,371
Toothpaste,8,Iceland,4.46,0,371,0.9,109.38,543,359
Toothpaste,9,Iceland,8.35,1,359,1.0,92.55,422,401
Toothpaste,10,Iceland,7.79,1,401,1.0,106.48,480,510
Toothpaste,11,Iceland,9.36,0,510,1.2,100.52,738,612
Toothpaste,12,Iceland,11.34,1,612,1.2,105.02,876,917
Toothpaste,1,Iceland,7.2,0,917,1.2,108.96,1271,1199
Toothpaste,2,Iceland,11.79,1,1199,1.0,95.17,1585,1362
Toothpaste,3,Iceland,10.66,1,1362,1.0,108.38,1806,1775
Toothpaste,4,Iceland,14.76,0,1775,1.0,102.69,2463,1814
Toothpaste,5,Iceland,10.37,0,1814,1.0,95.5,2330,1729
Toothpaste,6,Iceland,7.41,0,1729,0.9,96.71,2552,1509
Toothpaste,7,Iceland,5.65,0,1509,0.9,91.25,1965,1241
Toothpaste,8,Iceland,11.77,0,1241,0.9,108.98,1497,1220
Toothpaste,9,Iceland,5.48,1,1220,1.0,104.25,1658,1525
Toothpaste,10,Iceland,5.96,0,1525,1.0,102.11,2262,1547
Toothpaste,11,Iceland,6.07,0,1547,1.2,97.67,2028,1819
Toothpaste,12,Iceland,6.6,0,1819,1.2,91.16,2194,1989
Toothpaste,1,Iceland,12.78,0,1989,1.2,98.23,2657,2339
Toothpaste,2,Iceland,6.87,1,2339,1.0,103.98,2676,2912
Toothpaste,3,Iceland,8.12,0,2912,1.0,102.78,4146,3005
Toothpaste,4,Iceland,14.7,0,3005,1.0,92.88,3797,2789
Toothpaste,5,Iceland,7.01,0,2789,1.0,91.7,3787,2573
Toothpaste,6,Iceland,12.52,1,2573,0.9,91.66,3554,2535
Toothpaste,7,Iceland,11.36,1,2535,0.9,100.55,3661,2762
Toothpaste,8,Iceland,4.32,0,2762,0.9,97.08,3708,2410
Toothpaste,9,Iceland,5.7,0,2410,1.0,102.0,2931,2453
Toothpaste,10,Iceland,9.84,0,2453,1.0,102.61,2836,2508
Toothpaste,11,Iceland,9.86,0,2508,1.2,95.01,3483,2859
Toothpaste,12,Iceland,11.55,0,2859,1.2,95.67,3589,3289
Toothpaste,1,Iceland,4.89,0,3289,1.2,96.66,3744,3815
Toothpaste,2,Iceland,5.09,0,3815,1.0,98.79,5632,3764
Toothpaste,3,Iceland,3.69,1,3764,1.0,95.76,5577,4312
Toothpaste,4,Iceland,5.36,0,4312,1.0,95.73,5248,4125
Toothpaste,5,Iceland,4.79,1,4125,1.0,103.36,5976,5118
Toothpaste,6,Iceland,10.52,0,5118,0.9,90.3,7269,4152
Toothpaste,7,Iceland,10.74,0,4152,0.9,92.15,4652,3453
Toothpaste,8,Iceland,9.43,0,3453,0.9,96.66,5161,3000
Toothpaste,9,Iceland,8.54,1,3000,1.0,92.41,3345,3329
Toothpaste,10,Iceland,12.93,0,3329,1.0,101.02,4937,3359
Toothpaste,11,Iceland,14.47,0,3359,1.2,99.24,4490,4006
Toothpaste,12,Iceland,6.92,0,4006,1.2,101.55,4532,4882
Lotion,1,Iceland,6.37,0,152,1.2,109.54,169,212
Lotion,2,Iceland,5.92,0,212,1.0,98.64,243,210
Lotion,3,Iceland,4.84,0,210,1.0,90.4,246,193
Lotion,4,Iceland,4.2,0,193,1.0,107.55,276,209
Lotion,5,Iceland,7.41,0,209,1.0,104.72,310,209
Lotion,6,Iceland,12.98,1,209,0.9,93.44,235,220
Lotion,7,Iceland,4.79,1,220,0.9,104.68,265,251
Lotion,8,Iceland,6.24,0,251,0.9,94.66,327,218
Lotion,9,Iceland,12.45,0,218,1.0,91.0,241,206
Lotion,10,Iceland,5.66,0,206,1.0,96.35,255,206
Lotion,11,Iceland,6.87,1,206,1.2,93.64,271,269
Lotion,12,Iceland,14.95,0,269,1.2,102.62,387,321
Lotion,1,Iceland,10.35,0,321,1.2,95.0,381,359
Lotion,2,Iceland,3.77,1,359,1.0,96.84,462,407
Lotion,3,Iceland,10.92,1,407,1.0,102.84,464,498
Lotion,4,Iceland,4.36,1,498,1.0,103.66,731,610
Lotion,5,Iceland,5.39,0,610,1.0,96.44,792,579
Lotion,6,Iceland,13.01,1,579,0.9,104.65,855,656
Lotion,7,Iceland,6.37,0,656,0.9,108.82,923,629
Lotion,8,Iceland,13.49,0,629,0.9,94.44,838,534
Lotion,9,Iceland,11.78,0,534,1.0,97.41,703,526
Lotion,10,Iceland,5.79,0,526,1.0,95.53,679,509
Lotion,11,Iceland,9.52,1,509,1.2,102.78,673,757
Lotion,12,Iceland,12.35,0,757,1.2,99.61,1111,910
Lotion,1,Iceland,12.57,0,910,1.2,94.74,1157,1039
Lotion,2,Iceland,13.97,0,1039,1.0,108.65,1357,1119
Lotion,3,Iceland,8.99,0,1119,1.0,108.81,1563,1215
Lotion,4,Iceland,13.03,0,1215,1.0,103.3,1500,1259
Lotion,5,Iceland,12.52,0,1259,1.0,96.98,1557,1216
Lotion,6,Iceland,10.57,0,1216,0.9,102.88,1488,1121
Lotion,7,Iceland,10.29,0,1121,0.9,106.36,1285,1074
Lotion,8,Iceland,7.13,0,1074,0.9,93.94,1594,921
Lotion,9,Iceland,5.39,0,921,1.0,99.52,1372,922
Lotion,10,Iceland,11.65,0,922,1.0,94.18,1028,855
Lotion,11,Iceland,12.62,0,855,1.2,90.3,1233,927
Lotion,12,Iceland,5.87,1,927,1.2,104.18,1043,1382
Lotion,1,Iceland,11.66,0,1382,1.2,102.93,1964,1713
Lotion,2,Iceland,12.9,1,1713,1.0,103.2,2139,2131
Lotion,3,Iceland,6.46,1,2131,1.0,105.26,2662,2706
Lotion,4,Iceland,4.16,1,2706,1.0,101.77,3330,3311
Lotion,5,Iceland,5.94,0,3311,1.0,106.35,3998,3524
Lotion,6,Iceland,12.15,0,3524,0.9,90.09,4924,2861
Lotion,7,Iceland,14.86,0,2861,0.9,90.25,4016,2315
Lotion,8,Iceland,4.07,1,2315,0.9,103.76,2599,2593
Lotion,9,Iceland,4.63,0,2593,1.0,100.92,3205,2618
Lotion,10,Iceland,7.7,1,2618,1.0,95.27,3068,2987
Lotion,11,Iceland,9.58,0,2987,1.2,107.54,3565,3858
Lotion,12,Iceland,6.83,0,3858,1.2,99.68,4351,4631
Lotion,1,Iceland,8.94,0,4631,1.2,102.8,5355,5698
Lotion,2,Iceland,4.2,1,5698,1.0,98.55,8253,6743
Lotion,3,Iceland,10.11,1,6743,1.0,100.39,8247,8122
Lotion,4,Iceland,7.06,0,8122,1.0,103.87,10790,8439
Lotion,5,Iceland,8.45,0,8439,1.0,105.78,9579,8927
Lotion,6,Iceland,8.92,0,8927,0.9,96.31,13121,7735
Lotion,7,Iceland,8.07,0,7735,0.9,90.16,9222,6265
Lotion,8,Iceland,14.45,0,6265,0.9,106.73,9144,6023
Lotion,9,Iceland,6.68,0,6023,1.0,94.61,7269,5701
Lotion,10,Iceland,9.24,0,5701,1.0,105.46,8212,6015
Lotion,11,Iceland,13.28,0,6015,1.2,105.74,7899,7641
Lotion,12,Iceland,12.72,0,7641,1.2,100.21,9003,9184
Detergent,1,Iceland,12.95,0,183,1.2,105.18,236,230
Detergent,2,Iceland,12.78,0,230,1.0,92.16,317,205
Detergent,3,Iceland,8.37,1,205,1.0,93.3,240,225
Detergent,4,Iceland,8.47,1,225,1.0,96.11,320,249
Detergent,5,Iceland,11.1,1,249,1.0,92.05,329,268
Detergent,6,Iceland,7.01,0,268,0.9,107.85,323,242
Detergent,7,Iceland,13.29,1,242,0.9,95.73,310,252
Detergent,8,Iceland,11.74,0,252,0.9,102.96,310,249
Detergent,9,Iceland,4.45,0,249,1.0,103.58,306,248
Detergent,10,Iceland,11.14,0,248,1.0,95.88,310,235
Detergent,11,Iceland,13.3,1,235,1.2,93.85,328,331
Detergent,12,Iceland,13.28,0,331,1.2,107.47,488,430
Detergent,1,Iceland,14.08,0,430,1.2,101.57,609,526
Detergent,2,Iceland,9.79,1,526,1.0,92.22,745,574
Detergent,3,Iceland,5.5,0,574,1.0,107.3,846,614
Detergent,4,Iceland,7.74,0,614,1.0,93.87,779,571
Detergent,5,Iceland,10.59,0,571,1.0,92.42,817,530
Detergent,6,Iceland,6.83,0,530,0.9,95.43,626,458
Detergent,7,Iceland,13.17,0,458,0.9,102.51,562,418
Detergent,8,Iceland,6.46,0,418,0.9,94.12,514,351
Detergent,9,Iceland,13.67,0,351,1.0,92.39,509,333
Detergent,10,Iceland,13.6,0,333,1.0,97.35,483,334
Detergent,11,Iceland,11.85,0,334,1.2,102.43,427,407
Detergent,12,Iceland,11.26,1,407,1.2,98.77,549,576
Detergent,1,Iceland,4.71,0,576,1.2,92.45,695,629
Detergent,2,Iceland,8.74,1,629,1.0,93.31,937,701
Detergent,3,Iceland,10.55,0,701,1.0,99.03,874,694
Detergent,4,Iceland,6.81,1,694,1.0,96.67,813,792
Detergent,5,Iceland,5.62,1,792,1.0,93.11,1178,887
Detergent,6,Iceland,4.15,1,887,0.9,96.03,1318,917
Detergent,7,Iceland,11.29,1,917,0.9,99.22,1042,993
Detergent,8,Iceland,8.68,0,993,0.9,98.09,1433,888
Detergent,9,Iceland,4.05,1,888,1.0,92.25,1222,998
Detergent,10,Iceland,9.86,0,998,1.0,104.46,1294,1045
Detergent,11,Iceland,9.89,1,1045,1.2,100.36,1521,1507
Detergent,12,Iceland,4.72,1,1507,1.2,95.12,1878,2066
Detergent,1,Iceland,4.49,0,2066,1.2,105.8,2475,2621
Detergent,2,Iceland,9.56,0,2621,1.0,102.83,3120,2704
Detergent,3,Iceland,8.94,1,2704,1.0,105.6,3007,3431
Detergent,4,Iceland,14.12,0,3431,1.0,109.91,4583,3767
Detergent,5,Iceland,5.4,0,3767,1.0,90.14,4337,3400
Detergent,6,Iceland,11.23,0,3400,0.9,103.42,5087,3150
Detergent,7,Iceland,7.38,0,3150,0.9,105.68,4563,3008
Detergent,8,Iceland,10.59,0,3008,0.9,104.66,3984,2827
Detergent,9,Iceland,13.01,0,2827,1.0,100.17,3369,2842
Detergent,10,Iceland,8.45,0,2842,1.0,94.87,4154,2692
Detergent,11,Iceland,5.14,1,2692,1.2,97.38,3346,3775
Detergent,12,Iceland,4.28,0,3775,1.2,90.75,4158,4108
Detergent,1,Iceland,5.95,0,4108,1.2,108.68,5738,5361
Detergent,2,Iceland,11.35,0,5361,1.0,102.8,6019,5501
Detergent,3,Iceland,4.44,0,5501,1.0,106.4,7234,5835
Detergent,4,Iceland,10.14,0,5835,1.0,108.18,7632,6322
Detergent,5,Iceland,8.91,0,6322,1.0,101.7,7434,6441
Detergent,6,Iceland,5.53,1,6441,0.9,93.63,7501,6509
Detergent,7,Iceland,11.44,0,6509,0.9,106.31,9139,6221
Detergent,8,Iceland,4.6,0,6221,0.9,93.36,7765,5225
Detergent,9,Iceland,10.46,0,5225,1.0,99.54,6525,5191
Detergent,10,Iceland,6.55,0,5191,1.0,93.44,7071,4853
Detergent,11,Iceland,4.2,0,4853,1.2,102.89,6998,5988
Detergent,12,Iceland,6.5,1,5988,1.2,109.01,7962,9395
Conditioner,1,Iceland,4.83,1,114,1.2,97.09,144,154
Conditioner,2,Iceland,10.01,0,154,1.0,94.05,212,143
Conditioner,3,Iceland,5.86,0,143,1.0,91.06,188,127
Conditioner,4,Iceland,8.15,0,127,1.0,95.52,149,120
Conditioner,5,Iceland,11.11,0,120,1.0,101.45,154,116
Conditioner,6,Iceland,5.27,0,116,0.9,97.32,132,109
Conditioner,7,Iceland,6.01,0,109,0.9,91.4,162,92
Conditioner,8,Iceland,11.65,0,92,0.9,103.23,122,84
Conditioner,9,Iceland,4.13,0,84,1.0,109.02,94,83
Conditioner,10,Iceland,9.6,1,83,1.0,96.49,94,103
Conditioner,11,Iceland,5.98,0,103,1.2,100.1,141,118
Conditioner,12,Iceland,11.2,0,118,1.2,99.95,155,142
Conditioner,1,Iceland,12.17,1,142,1.2,102.71,180,205
Conditioner,2,Iceland,7.55,0,205,1.0,100.97,284,212
Conditioner,3,Iceland,6.13,1,212,1.0,92.98,285,220
Conditioner,4,Iceland,10.35,1,220,1.0,106.18,287,275
Conditioner,5,Iceland,6.42,0,275,1.0,90.21,357,253
Conditioner,6,Iceland,5.52,0,253,0.9,101.55,304,225
Conditioner,7,Iceland,7.87,0,225,0.9,96.28,318,179
Conditioner,8,Iceland,12.99,0,179,0.9,94.04,208,146
Conditioner,9,Iceland,4.5,0,146,1.0,102.57,191,151
Conditioner,10,Iceland,9.5,1,151,1.0,108.87,203,187
Conditioner,11,Iceland,5.74,1,187,1.2,105.43,222,282
Conditioner,12,Iceland,6.3,0,282,1.2,93.58,345,315
Conditioner,1,Iceland,9.16,0,315,1.2,100.98,399,395
Conditioner,2,Iceland,9.72,0,395,1.0,107.06,567,415
Conditioner,3,Iceland,13.96,0,415,1.0,92.94,575,398
Conditioner,4,Iceland,9.79,0,398,1.0,106.39,573,416
Conditioner,5,Iceland,4.41,0,416,1.0,98.14,543,412
Conditioner,6,Iceland,5.84,1,412,0.9,92.74,550,410
Conditioner,7,Iceland,7.91,0,410,0.9,91.73,451,334
Conditioner,8,Iceland,9.31,0,334,0.9,102.61,461,297
Conditioner,9,Iceland,6.67,0,297,1.0,96.92,374,291
Conditioner,10,Iceland,6.04,1,291,1.0,105.44,418,375
Conditioner,11,Iceland,10.29,0,375,1.2,92.36,525,419
Conditioner,12,Iceland,12.74,0,419,1.2,108.76,624,541
Conditioner,1,Iceland,12.71,0,541,1.2,107.97,779,697
Conditioner,2,Iceland,8.97,1,697,1.0,108.3,801,904
Conditioner,3,Iceland,11.32,0,904,1.0,104.43,1248,948
Conditioner,4,Iceland,11.01,0,948,1.0,98.67,1294,944
Conditioner,5,Iceland,3.71,1,944,1.0,103.95,1249,1175
Conditioner,6,Iceland,7.05,0,1175,0.9,107.97,1563,1127
Conditioner,7,Iceland,14.61,0,1127,0.9,99.64,1471,995
Conditioner,8,Iceland,8.74,0,995,0.9,102.62,1313,912
Conditioner,9,Iceland,11.37,1,912,1.0,90.02,1200,992
Conditioner,10,Iceland,4.3,0,992,1.0,101.64,1431,1012
Conditioner,11,Iceland,4.74,1,1012,1.2,93.67,1362,1370
Conditioner,12,Iceland,9.89,0,1370,1.2,106.48,1597,1744
Conditioner,1,Iceland,8.71,1,1744,1.2,98.78,2436,2477
Conditioner,2,Iceland,5.8,0,2477,1.0,102.93,3534,2556
Conditioner,3,Iceland,14.16,0,2556,1.0,107.29,3006,2755
Conditioner,4,Iceland,9.47,0,2755,1.0,103.86,3593,2868
Conditioner,5,Iceland,9.58,0,2868,1.0,100.36,4190,2885
Conditioner,6,Iceland,4.23,0,2885,0.9,92.49,3848,2395
Conditioner,7,Iceland,11.81,0,2395,0.9,101.51,2634,2192
Conditioner,8,Iceland,5.89,1,2192,0.9,98.84,2869,2329
Conditioner,9,Iceland,11.21,0,2329,1.0,98.6,3020,2304
Conditioner,10,Iceland,12.17,0,2304,1.0,98.24,3239,2266
Conditioner,11,Iceland,5.98,1,2266,1.2,105.07,3361,3426
Conditioner,12,Iceland,8.06,1,3426,1.2,96.24,4437,4731
